run,regime,seed,scorer,lambda,Q,C,frac_strong,fallback_frac
first_run,L1,102000,v1_frozen,,0.639436,0.00142241,0.76342,0.0
first_run,L1,102000,drl_pi,0,0.641814,0.00154041,0.78295,0.0
first_run,L1,102000,drl_pi,10,0.640795,0.00148378,0.77768,0.0
first_run,L1,102000,drl_pi,25,0.637908,0.00139521,0.76868,0.0
first_run,L1,102000,drl_pi,50,0.636549,0.00135697,0.76562,0.0
first_run,L1,102000,drl_pi,100,0.630605,0.00126627,0.75255,0.0
first_run,L1,102000,drl_pi,150,0.605808,0.00117144,0.71247,0.0
first_run,L1,102000,drl_pi,200,0.575068,0.00100843,0.65268,0.0
first_run,L1,102000,drl_pi,300,0.453974,0.00051564,0.44497,0.0
first_run,L1,102000,drl_pi,500,0.3857,0.00032985,0.31624,0.0
first_run,L1,102000,t_learner,0,0.642493,0.00157835,0.79501,0.0
first_run,L1,102000,t_learner,10,0.642493,0.00153875,0.7877,0.0
first_run,L1,102000,t_learner,25,0.640285,0.00142295,0.77836,0.0
first_run,L1,102000,t_learner,50,0.6357,0.00129515,0.76223,0.0
first_run,L1,102000,t_learner,100,0.629586,0.00121763,0.74626,0.0
first_run,L1,102000,t_learner,150,0.621433,0.00114324,0.72385,0.0
first_run,L1,102000,t_learner,200,0.599355,0.00101284,0.67612,0.0
first_run,L1,102000,t_learner,300,0.488281,0.00054494,0.48471,0.0
first_run,L1,102000,t_learner,500,0.40608,0.00033508,0.32829,0.0
first_run,L1,102000,direct_baseline,0,0.640965,0.00329386,0.99219,0.0
first_run,L1,102000,direct_baseline,10,0.639436,0.00322271,0.98879,0.0
first_run,L1,102000,direct_baseline,25,0.629925,0.00284936,0.95363,0.0
first_run,L1,102000,direct_baseline,50,0.620414,0.00128242,0.75357,0.0
first_run,L1,102000,direct_baseline,100,0.46909,0.00051909,0.4679,0.0
first_run,L1,102000,direct_baseline,150,0.388757,0.00032349,0.29127,0.0
first_run,L1,102000,direct_baseline,200,0.304857,0.00017439,0.13587,0.0
first_run,L1,102000,direct_baseline,300,0.227412,5.34e-05,0.01019,0.0
first_run,L1,102000,direct_baseline,500,0.220958,4.62e-05,0.00017,0.0
first_run,L1,102000,oracle_fullinfo,0,0.670516,0.00086602,0.44956,0.0
first_run,L1,102000,oracle_fullinfo,10,0.670516,0.00086601,0.44973,0.0
first_run,L1,102000,oracle_fullinfo,25,0.670516,0.00086601,0.44973,0.0
first_run,L1,102000,oracle_fullinfo,50,0.669497,0.00083651,0.44871,0.0
first_run,L1,102000,oracle_fullinfo,100,0.66661,0.00079997,0.44582,0.0
first_run,L1,102000,oracle_fullinfo,150,0.663383,0.00077307,0.4426,0.0
first_run,L1,102000,oracle_fullinfo,200,0.658458,0.00074556,0.43767,0.0
first_run,L1,102000,oracle_fullinfo,300,0.649966,0.00071068,0.42918,0.0
first_run,L1,102000,oracle_fullinfo,500,0.5107,0.00035093,0.28991,0.0
first_run,L1,102000,threshold_p_0.05,,0.642493,0.0015569,0.78906,0.0
first_run,L1,102000,threshold_p_0.10,,0.642323,0.00155082,0.78753,0.0
first_run,L1,102000,threshold_p_0.15,,0.642493,0.00152162,0.78261,0.0
first_run,L1,102000,threshold_p_0.20,,0.641984,0.00150376,0.77819,0.0
first_run,L1,102000,threshold_p_0.25,,0.641474,0.00149077,0.77463,0.0
first_run,L1,102000,threshold_p_0.30,,0.639436,0.00142241,0.76342,0.0
first_run,L1,102000,threshold_p_0.35,,0.63587,0.00136994,0.75068,0.0
first_run,L1,102000,threshold_p_0.40,,0.630265,0.00130872,0.72894,0.0
first_run,L1,102000,threshold_p_0.50,,0.597486,0.00111969,0.63995,0.0
first_run,L1,102000,threshold_p_0.60,,0.491338,0.00075089,0.42171,0.0
first_run,L1,102000,threshold_p_0.70,,0.291101,0.00019862,0.0912,0.0
first_run,L1,102001,v1_frozen,,0.639436,0.00142241,0.76342,0.0
first_run,L1,102001,drl_pi,0,0.641814,0.0015159,0.77989,0.0
first_run,L1,102001,drl_pi,10,0.640115,0.00145603,0.77361,0.0
first_run,L1,102001,drl_pi,25,0.638077,0.00140184,0.76919,0.0
first_run,L1,102001,drl_pi,50,0.636379,0.00135236,0.7641,0.0
first_run,L1,102001,drl_pi,100,0.631114,0.00125796,0.75119,0.0
first_run,L1,102001,drl_pi,150,0.605299,0.00115279,0.70703,0.0
first_run,L1,102001,drl_pi,200,0.568444,0.00097189,0.64164,0.0
first_run,L1,102001,drl_pi,300,0.454484,0.00051349,0.44531,0.0
first_run,L1,102001,drl_pi,500,0.388757,0.00033213,0.31963,0.0
first_run,L1,102001,t_learner,0,0.642493,0.00157126,0.79297,0.0
first_run,L1,102001,t_learner,10,0.642493,0.00153751,0.78753,0.0
first_run,L1,102001,t_learner,25,0.640285,0.00142141,0.77819,0.0
first_run,L1,102001,t_learner,50,0.63536,0.00129118,0.76138,0.0
first_run,L1,102001,t_learner,100,0.629586,0.00121671,0.74592,0.0
first_run,L1,102001,t_learner,150,0.621433,0.00114181,0.72334,0.0
first_run,L1,102001,t_learner,200,0.598845,0.00100784,0.67425,0.0
first_run,L1,102001,t_learner,300,0.488111,0.00054443,0.48438,0.0
first_run,L1,102001,t_learner,500,0.404042,0.00033212,0.32541,0.0
first_run,L1,102001,direct_baseline,0,0.640965,0.0032933,0.99168,0.0
first_run,L1,102001,direct_baseline,10,0.639436,0.00322215,0.98828,0.0
first_run,L1,102001,direct_baseline,25,0.630435,0.00284682,0.95312,0.0
first_run,L1,102001,direct_baseline,50,0.619395,0.00128062,0.75153,0.0
first_run,L1,102001,direct_baseline,100,0.466542,0.00051141,0.45788,0.0
first_run,L1,102001,direct_baseline,150,0.381114,0.0003144,0.28057,0.0
first_run,L1,102001,direct_baseline,200,0.293818,0.0001574,0.11685,0.0
first_run,L1,102001,direct_baseline,300,0.223845,4.94e-05,0.00476,0.0
first_run,L1,102001,direct_baseline,500,0.220958,4.62e-05,0.00017,0.0
first_run,L1,102001,oracle_fullinfo,0,0.670516,0.00086602,0.44956,0.0
first_run,L1,102001,oracle_fullinfo,10,0.670516,0.00086601,0.44973,0.0
first_run,L1,102001,oracle_fullinfo,25,0.670516,0.00086601,0.44973,0.0
first_run,L1,102001,oracle_fullinfo,50,0.669497,0.00083651,0.44871,0.0
first_run,L1,102001,oracle_fullinfo,100,0.66661,0.00079997,0.44582,0.0
first_run,L1,102001,oracle_fullinfo,150,0.663383,0.00077307,0.4426,0.0
first_run,L1,102001,oracle_fullinfo,200,0.658458,0.00074556,0.43767,0.0
first_run,L1,102001,oracle_fullinfo,300,0.649966,0.00071068,0.42918,0.0
first_run,L1,102001,oracle_fullinfo,500,0.5107,0.00035093,0.28991,0.0
first_run,L1,102001,threshold_p_0.05,,0.642493,0.0015569,0.78906,0.0
first_run,L1,102001,threshold_p_0.10,,0.642323,0.00155082,0.78753,0.0
first_run,L1,102001,threshold_p_0.15,,0.642493,0.00152162,0.78261,0.0
first_run,L1,102001,threshold_p_0.20,,0.641984,0.00150376,0.77819,0.0
first_run,L1,102001,threshold_p_0.25,,0.641474,0.00149077,0.77463,0.0
first_run,L1,102001,threshold_p_0.30,,0.639436,0.00142241,0.76342,0.0
first_run,L1,102001,threshold_p_0.35,,0.63587,0.00136994,0.75068,0.0
first_run,L1,102001,threshold_p_0.40,,0.630265,0.00130872,0.72894,0.0
first_run,L1,102001,threshold_p_0.50,,0.597486,0.00111969,0.63995,0.0
first_run,L1,102001,threshold_p_0.60,,0.491338,0.00075089,0.42171,0.0
first_run,L1,102001,threshold_p_0.70,,0.291101,0.00019862,0.0912,0.0
first_run,L1,102002,v1_frozen,,0.639436,0.00142241,0.76342,0.0
first_run,L1,102002,drl_pi,0,0.641984,0.00155042,0.78601,0.0
first_run,L1,102002,drl_pi,10,0.640795,0.00148557,0.77802,0.0
first_run,L1,102002,drl_pi,25,0.637908,0.00139634,0.76885,0.0
first_run,L1,102002,drl_pi,50,0.636719,0.00135444,0.76596,0.0
first_run,L1,102002,drl_pi,100,0.632303,0.00126803,0.7556,0.0
first_run,L1,102002,drl_pi,150,0.605808,0.00116904,0.71332,0.0
first_run,L1,102002,drl_pi,200,0.566406,0.00098157,0.64113,0.0
first_run,L1,102002,drl_pi,300,0.455673,0.00052073,0.45041,0.0
first_run,L1,102002,drl_pi,500,0.387908,0.00033298,0.31946,0.0
first_run,L1,102002,t_learner,0,0.642493,0.00157442,0.79382,0.0
first_run,L1,102002,t_learner,10,0.642493,0.00153875,0.7877,0.0
first_run,L1,102002,t_learner,25,0.640285,0.00142295,0.77836,0.0
first_run,L1,102002,t_learner,50,0.6357,0.00129515,0.76223,0.0
first_run,L1,102002,t_learner,100,0.629586,0.00121731,0.74609,0.0
first_run,L1,102002,t_learner,150,0.621433,0.00114285,0.72368,0.0
first_run,L1,102002,t_learner,200,0.600204,0.00101587,0.67714,0.0
first_run,L1,102002,t_learner,300,0.488281,0.00054602,0.48522,0.0
first_run,L1,102002,t_learner,500,0.407269,0.00033786,0.3305,0.0
first_run,L1,102002,direct_baseline,0,0.640965,0.00329386,0.99219,0.0
first_run,L1,102002,direct_baseline,10,0.639096,0.00321974,0.98811,0.0
first_run,L1,102002,direct_baseline,25,0.629416,0.00284335,0.9516,0.0
first_run,L1,102002,direct_baseline,50,0.619056,0.00127569,0.75034,0.0
first_run,L1,102002,direct_baseline,100,0.469599,0.00051989,0.46603,0.0
first_run,L1,102002,direct_baseline,150,0.391814,0.00033228,0.30214,0.0
first_run,L1,102002,direct_baseline,200,0.30163,0.00016836,0.12993,0.0
first_run,L1,102002,direct_baseline,300,0.227242,5.285e-05,0.00934,0.0
first_run,L1,102002,direct_baseline,500,0.220958,4.62e-05,0.00017,0.0
first_run,L1,102002,oracle_fullinfo,0,0.670516,0.00086602,0.44956,0.0
first_run,L1,102002,oracle_fullinfo,10,0.670516,0.00086601,0.44973,0.0
first_run,L1,102002,oracle_fullinfo,25,0.670516,0.00086601,0.44973,0.0
first_run,L1,102002,oracle_fullinfo,50,0.669497,0.00083651,0.44871,0.0
first_run,L1,102002,oracle_fullinfo,100,0.66661,0.00079997,0.44582,0.0
first_run,L1,102002,oracle_fullinfo,150,0.663383,0.00077307,0.4426,0.0
first_run,L1,102002,oracle_fullinfo,200,0.658458,0.00074556,0.43767,0.0
first_run,L1,102002,oracle_fullinfo,300,0.649966,0.00071068,0.42918,0.0
first_run,L1,102002,oracle_fullinfo,500,0.5107,0.00035093,0.28991,0.0
first_run,L1,102002,threshold_p_0.05,,0.642493,0.0015569,0.78906,0.0
first_run,L1,102002,threshold_p_0.10,,0.642323,0.00155082,0.78753,0.0
first_run,L1,102002,threshold_p_0.15,,0.642493,0.00152162,0.78261,0.0
first_run,L1,102002,threshold_p_0.20,,0.641984,0.00150376,0.77819,0.0
first_run,L1,102002,threshold_p_0.25,,0.641474,0.00149077,0.77463,0.0
first_run,L1,102002,threshold_p_0.30,,0.639436,0.00142241,0.76342,0.0
first_run,L1,102002,threshold_p_0.35,,0.63587,0.00136994,0.75068,0.0
first_run,L1,102002,threshold_p_0.40,,0.630265,0.00130872,0.72894,0.0
first_run,L1,102002,threshold_p_0.50,,0.597486,0.00111969,0.63995,0.0
first_run,L1,102002,threshold_p_0.60,,0.491338,0.00075089,0.42171,0.0
first_run,L1,102002,threshold_p_0.70,,0.291101,0.00019862,0.0912,0.0
first_run,L1,102003,v1_frozen,,0.639436,0.00142241,0.76342,0.0
first_run,L1,102003,drl_pi,0,0.641644,0.00151847,0.78074,0.0
first_run,L1,102003,drl_pi,10,0.639946,0.00144212,0.77327,0.0
first_run,L1,102003,drl_pi,25,0.637398,0.00139373,0.76766,0.0
first_run,L1,102003,drl_pi,50,0.636209,0.00134532,0.76291,0.0
first_run,L1,102003,drl_pi,100,0.631284,0.00125982,0.7517,0.0
first_run,L1,102003,drl_pi,150,0.604789,0.00116054,0.71009,0.0
first_run,L1,102003,drl_pi,200,0.57303,0.00100509,0.64997,0.0
first_run,L1,102003,drl_pi,300,0.454314,0.00051199,0.44599,0.0
first_run,L1,102003,drl_pi,500,0.38519,0.00033022,0.31692,0.0
first_run,L1,102003,t_learner,0,0.642493,0.00156868,0.79229,0.0
first_run,L1,102003,t_learner,10,0.642493,0.00153426,0.78719,0.0
first_run,L1,102003,t_learner,25,0.640285,0.00142141,0.77819,0.0
first_run,L1,102003,t_learner,50,0.63519,0.00129024,0.76121,0.0
first_run,L1,102003,t_learner,100,0.629586,0.00121671,0.74592,0.0
first_run,L1,102003,t_learner,150,0.621433,0.00114083,0.723,0.0
first_run,L1,102003,t_learner,200,0.598845,0.00100884,0.67459,0.0
first_run,L1,102003,t_learner,300,0.488111,0.00054521,0.48471,0.0
first_run,L1,102003,t_learner,500,0.404552,0.00033244,0.32541,0.0
first_run,L1,102003,direct_baseline,0,0.640965,0.00329386,0.99219,0.0
first_run,L1,102003,direct_baseline,10,0.639436,0.00324407,0.98913,0.0
first_run,L1,102003,direct_baseline,25,0.630774,0.00285638,0.95397,0.0
first_run,L1,102003,direct_baseline,50,0.619905,0.00128088,0.75306,0.0
first_run,L1,102003,direct_baseline,100,0.466712,0.00050727,0.45109,0.0
first_run,L1,102003,direct_baseline,150,0.38536,0.00031631,0.28057,0.0
first_run,L1,102003,direct_baseline,200,0.302819,0.00017167,0.13332,0.0
first_run,L1,102003,direct_baseline,300,0.225034,5.144e-05,0.00747,0.0
first_run,L1,102003,direct_baseline,500,0.220958,4.62e-05,0.00017,0.0
first_run,L1,102003,oracle_fullinfo,0,0.670516,0.00086602,0.44956,0.0
first_run,L1,102003,oracle_fullinfo,10,0.670516,0.00086601,0.44973,0.0
first_run,L1,102003,oracle_fullinfo,25,0.670516,0.00086601,0.44973,0.0
first_run,L1,102003,oracle_fullinfo,50,0.669497,0.00083651,0.44871,0.0
first_run,L1,102003,oracle_fullinfo,100,0.66661,0.00079997,0.44582,0.0
first_run,L1,102003,oracle_fullinfo,150,0.663383,0.00077307,0.4426,0.0
first_run,L1,102003,oracle_fullinfo,200,0.658458,0.00074556,0.43767,0.0
first_run,L1,102003,oracle_fullinfo,300,0.649966,0.00071068,0.42918,0.0
first_run,L1,102003,oracle_fullinfo,500,0.5107,0.00035093,0.28991,0.0
first_run,L1,102003,threshold_p_0.05,,0.642493,0.0015569,0.78906,0.0
first_run,L1,102003,threshold_p_0.10,,0.642323,0.00155082,0.78753,0.0
first_run,L1,102003,threshold_p_0.15,,0.642493,0.00152162,0.78261,0.0
first_run,L1,102003,threshold_p_0.20,,0.641984,0.00150376,0.77819,0.0
first_run,L1,102003,threshold_p_0.25,,0.641474,0.00149077,0.77463,0.0
first_run,L1,102003,threshold_p_0.30,,0.639436,0.00142241,0.76342,0.0
first_run,L1,102003,threshold_p_0.35,,0.63587,0.00136994,0.75068,0.0
first_run,L1,102003,threshold_p_0.40,,0.630265,0.00130872,0.72894,0.0
first_run,L1,102003,threshold_p_0.50,,0.597486,0.00111969,0.63995,0.0
first_run,L1,102003,threshold_p_0.60,,0.491338,0.00075089,0.42171,0.0
first_run,L1,102003,threshold_p_0.70,,0.291101,0.00019862,0.0912,0.0
first_run,L1,102004,v1_frozen,,0.639436,0.00142241,0.76342,0.0
first_run,L1,102004,drl_pi,0,0.641814,0.00151932,0.78125,0.0
first_run,L1,102004,drl_pi,10,0.640115,0.00145825,0.77395,0.0
first_run,L1,102004,drl_pi,25,0.637908,0.00139669,0.76885,0.0
first_run,L1,102004,drl_pi,50,0.636549,0.00134547,0.76478,0.0
first_run,L1,102004,drl_pi,100,0.631454,0.00125843,0.75255,0.0
first_run,L1,102004,drl_pi,150,0.605299,0.00115615,0.70924,0.0
first_run,L1,102004,drl_pi,200,0.569124,0.00099157,0.64351,0.0
first_run,L1,102004,drl_pi,300,0.451087,0.00050361,0.43682,0.0
first_run,L1,102004,drl_pi,500,0.388247,0.00033473,0.32099,0.0
first_run,L1,102004,t_learner,0,0.642493,0.00157312,0.79348,0.0
first_run,L1,102004,t_learner,10,0.642493,0.00153751,0.78753,0.0
first_run,L1,102004,t_learner,25,0.640285,0.00142141,0.77819,0.0
first_run,L1,102004,t_learner,50,0.6357,0.00129515,0.76223,0.0
first_run,L1,102004,t_learner,100,0.629586,0.00121731,0.74609,0.0
first_run,L1,102004,t_learner,150,0.621433,0.0011424,0.72351,0.0
first_run,L1,102004,t_learner,200,0.600374,0.00101637,0.67731,0.0
first_run,L1,102004,t_learner,300,0.488451,0.0005464,0.48539,0.0
first_run,L1,102004,t_learner,500,0.407269,0.0003377,0.33016,0.0
first_run,L1,102004,direct_baseline,0,0.640965,0.00329386,0.99219,0.0
first_run,L1,102004,direct_baseline,10,0.639606,0.00323968,0.98998,0.0
first_run,L1,102004,direct_baseline,25,0.631284,0.00286021,0.95448,0.0
first_run,L1,102004,direct_baseline,50,0.618037,0.00128055,0.74117,0.0
first_run,L1,102004,direct_baseline,100,0.460258,0.00049956,0.43088,0.0
first_run,L1,102004,direct_baseline,150,0.382303,0.0003144,0.2804,0.0
first_run,L1,102004,direct_baseline,200,0.307065,0.0001762,0.14062,0.0
first_run,L1,102004,direct_baseline,300,0.225543,5.322e-05,0.00968,0.0
first_run,L1,102004,direct_baseline,500,0.220958,4.62e-05,0.00017,0.0
first_run,L1,102004,oracle_fullinfo,0,0.670516,0.00086602,0.44956,0.0
first_run,L1,102004,oracle_fullinfo,10,0.670516,0.00086601,0.44973,0.0
first_run,L1,102004,oracle_fullinfo,25,0.670516,0.00086601,0.44973,0.0
first_run,L1,102004,oracle_fullinfo,50,0.669497,0.00083651,0.44871,0.0
first_run,L1,102004,oracle_fullinfo,100,0.66661,0.00079997,0.44582,0.0
first_run,L1,102004,oracle_fullinfo,150,0.663383,0.00077307,0.4426,0.0
first_run,L1,102004,oracle_fullinfo,200,0.658458,0.00074556,0.43767,0.0
first_run,L1,102004,oracle_fullinfo,300,0.649966,0.00071068,0.42918,0.0
first_run,L1,102004,oracle_fullinfo,500,0.5107,0.00035093,0.28991,0.0
first_run,L1,102004,threshold_p_0.05,,0.642493,0.0015569,0.78906,0.0
first_run,L1,102004,threshold_p_0.10,,0.642323,0.00155082,0.78753,0.0
first_run,L1,102004,threshold_p_0.15,,0.642493,0.00152162,0.78261,0.0
first_run,L1,102004,threshold_p_0.20,,0.641984,0.00150376,0.77819,0.0
first_run,L1,102004,threshold_p_0.25,,0.641474,0.00149077,0.77463,0.0
first_run,L1,102004,threshold_p_0.30,,0.639436,0.00142241,0.76342,0.0
first_run,L1,102004,threshold_p_0.35,,0.63587,0.00136994,0.75068,0.0
first_run,L1,102004,threshold_p_0.40,,0.630265,0.00130872,0.72894,0.0
first_run,L1,102004,threshold_p_0.50,,0.597486,0.00111969,0.63995,0.0
first_run,L1,102004,threshold_p_0.60,,0.491338,0.00075089,0.42171,0.0
first_run,L1,102004,threshold_p_0.70,,0.291101,0.00019862,0.0912,0.0
first_run,L1,102005,v1_frozen,,0.639436,0.00142241,0.76342,0.0
first_run,L1,102005,drl_pi,0,0.641814,0.00152242,0.78074,0.0
first_run,L1,102005,drl_pi,10,0.639096,0.00144759,0.77208,0.0
first_run,L1,102005,drl_pi,25,0.638077,0.00139819,0.76885,0.0
first_run,L1,102005,drl_pi,50,0.636719,0.00136135,0.76613,0.0
first_run,L1,102005,drl_pi,100,0.622113,0.00124749,0.74083,0.0
first_run,L1,102005,drl_pi,150,0.604959,0.00115673,0.70958,0.0
first_run,L1,102005,drl_pi,200,0.57286,0.00100507,0.6498,0.0
first_run,L1,102005,drl_pi,300,0.455503,0.00051301,0.44599,0.0
first_run,L1,102005,drl_pi,500,0.38553,0.00032866,0.31624,0.0
first_run,L1,102005,t_learner,0,0.642493,0.00156868,0.79229,0.0
first_run,L1,102005,t_learner,10,0.642493,0.00153426,0.78719,0.0
first_run,L1,102005,t_learner,25,0.640285,0.00142141,0.77819,0.0
first_run,L1,102005,t_learner,50,0.63519,0.00129024,0.76121,0.0
first_run,L1,102005,t_learner,100,0.629586,0.00121591,0.74575,0.0
first_run,L1,102005,t_learner,150,0.621264,0.00113995,0.72266,0.0
first_run,L1,102005,t_learner,200,0.598336,0.00100656,0.67374,0.0
first_run,L1,102005,t_learner,300,0.488111,0.00054423,0.48421,0.0
first_run,L1,102005,t_learner,500,0.403702,0.00033034,0.32354,0.0
first_run,L1,102005,direct_baseline,0,0.640965,0.00329386,0.99219,0.0
first_run,L1,102005,direct_baseline,10,0.638417,0.00320314,0.9859,0.0
first_run,L1,102005,direct_baseline,25,0.628397,0.00283631,0.9499,0.0
first_run,L1,102005,direct_baseline,50,0.619226,0.00128327,0.7517,0.0
first_run,L1,102005,direct_baseline,100,0.465353,0.00049858,0.44039,0.0
first_run,L1,102005,direct_baseline,150,0.378397,0.00030076,0.26664,0.0
first_run,L1,102005,direct_baseline,200,0.293648,0.00015507,0.11413,0.0
first_run,L1,102005,direct_baseline,300,0.223845,4.986e-05,0.0051,0.0
first_run,L1,102005,direct_baseline,500,0.220958,4.62e-05,0.00017,0.0
first_run,L1,102005,oracle_fullinfo,0,0.670516,0.00086602,0.44956,0.0
first_run,L1,102005,oracle_fullinfo,10,0.670516,0.00086601,0.44973,0.0
first_run,L1,102005,oracle_fullinfo,25,0.670516,0.00086601,0.44973,0.0
first_run,L1,102005,oracle_fullinfo,50,0.669497,0.00083651,0.44871,0.0
first_run,L1,102005,oracle_fullinfo,100,0.66661,0.00079997,0.44582,0.0
first_run,L1,102005,oracle_fullinfo,150,0.663383,0.00077307,0.4426,0.0
first_run,L1,102005,oracle_fullinfo,200,0.658458,0.00074556,0.43767,0.0
first_run,L1,102005,oracle_fullinfo,300,0.649966,0.00071068,0.42918,0.0
first_run,L1,102005,oracle_fullinfo,500,0.5107,0.00035093,0.28991,0.0
first_run,L1,102005,threshold_p_0.05,,0.642493,0.0015569,0.78906,0.0
first_run,L1,102005,threshold_p_0.10,,0.642323,0.00155082,0.78753,0.0
first_run,L1,102005,threshold_p_0.15,,0.642493,0.00152162,0.78261,0.0
first_run,L1,102005,threshold_p_0.20,,0.641984,0.00150376,0.77819,0.0
first_run,L1,102005,threshold_p_0.25,,0.641474,0.00149077,0.77463,0.0
first_run,L1,102005,threshold_p_0.30,,0.639436,0.00142241,0.76342,0.0
first_run,L1,102005,threshold_p_0.35,,0.63587,0.00136994,0.75068,0.0
first_run,L1,102005,threshold_p_0.40,,0.630265,0.00130872,0.72894,0.0
first_run,L1,102005,threshold_p_0.50,,0.597486,0.00111969,0.63995,0.0
first_run,L1,102005,threshold_p_0.60,,0.491338,0.00075089,0.42171,0.0
first_run,L1,102005,threshold_p_0.70,,0.291101,0.00019862,0.0912,0.0
first_run,L1,102006,v1_frozen,,0.639436,0.00142241,0.76342,0.0
first_run,L1,102006,drl_pi,0,0.642154,0.00157842,0.79467,0.0
first_run,L1,102006,drl_pi,10,0.640115,0.00148571,0.78312,0.0
first_run,L1,102006,drl_pi,25,0.638077,0.00140067,0.77055,0.0
first_run,L1,102006,drl_pi,50,0.636719,0.00134849,0.76495,0.0
first_run,L1,102006,drl_pi,100,0.630944,0.0012584,0.75119,0.0
first_run,L1,102006,drl_pi,150,0.605639,0.00115723,0.70839,0.0
first_run,L1,102006,drl_pi,200,0.57286,0.00099255,0.64997,0.0
first_run,L1,102006,drl_pi,300,0.457371,0.00052195,0.45228,0.0
first_run,L1,102006,drl_pi,500,0.387228,0.00033371,0.31997,0.0
first_run,L1,102006,t_learner,0,0.642493,0.00157359,0.79365,0.0
first_run,L1,102006,t_learner,10,0.642493,0.00153875,0.7877,0.0
first_run,L1,102006,t_learner,25,0.640285,0.00142295,0.77836,0.0
first_run,L1,102006,t_learner,50,0.6357,0.00129515,0.76223,0.0
first_run,L1,102006,t_learner,100,0.629755,0.00121815,0.74626,0.0
first_run,L1,102006,t_learner,150,0.621433,0.00114324,0.72385,0.0
first_run,L1,102006,t_learner,200,0.600883,0.00101774,0.67782,0.0
first_run,L1,102006,t_learner,300,0.48947,0.00054935,0.48675,0.0
first_run,L1,102006,t_learner,500,0.408798,0.00034092,0.33305,0.0
first_run,L1,102006,direct_baseline,0,0.640965,0.00329386,0.99219,0.0
first_run,L1,102006,direct_baseline,10,0.639606,0.00323199,0.9893,0.0
first_run,L1,102006,direct_baseline,25,0.629755,0.00284897,0.95312,0.0
first_run,L1,102006,direct_baseline,50,0.619735,0.00127257,0.74762,0.0
first_run,L1,102006,direct_baseline,100,0.465014,0.00050274,0.44429,0.0
first_run,L1,102006,direct_baseline,150,0.379925,0.00031046,0.27514,0.0
first_run,L1,102006,direct_baseline,200,0.293818,0.00015916,0.11855,0.0
first_run,L1,102006,direct_baseline,300,0.227242,5.309e-05,0.00968,0.0
first_run,L1,102006,direct_baseline,500,0.220958,4.62e-05,0.00017,0.0
first_run,L1,102006,oracle_fullinfo,0,0.670516,0.00086602,0.44956,0.0
first_run,L1,102006,oracle_fullinfo,10,0.670516,0.00086601,0.44973,0.0
first_run,L1,102006,oracle_fullinfo,25,0.670516,0.00086601,0.44973,0.0
first_run,L1,102006,oracle_fullinfo,50,0.669497,0.00083651,0.44871,0.0
first_run,L1,102006,oracle_fullinfo,100,0.66661,0.00079997,0.44582,0.0
first_run,L1,102006,oracle_fullinfo,150,0.663383,0.00077307,0.4426,0.0
first_run,L1,102006,oracle_fullinfo,200,0.658458,0.00074556,0.43767,0.0
first_run,L1,102006,oracle_fullinfo,300,0.649966,0.00071068,0.42918,0.0
first_run,L1,102006,oracle_fullinfo,500,0.5107,0.00035093,0.28991,0.0
first_run,L1,102006,threshold_p_0.05,,0.642493,0.0015569,0.78906,0.0
first_run,L1,102006,threshold_p_0.10,,0.642323,0.00155082,0.78753,0.0
first_run,L1,102006,threshold_p_0.15,,0.642493,0.00152162,0.78261,0.0
first_run,L1,102006,threshold_p_0.20,,0.641984,0.00150376,0.77819,0.0
first_run,L1,102006,threshold_p_0.25,,0.641474,0.00149077,0.77463,0.0
first_run,L1,102006,threshold_p_0.30,,0.639436,0.00142241,0.76342,0.0
first_run,L1,102006,threshold_p_0.35,,0.63587,0.00136994,0.75068,0.0
first_run,L1,102006,threshold_p_0.40,,0.630265,0.00130872,0.72894,0.0
first_run,L1,102006,threshold_p_0.50,,0.597486,0.00111969,0.63995,0.0
first_run,L1,102006,threshold_p_0.60,,0.491338,0.00075089,0.42171,0.0
first_run,L1,102006,threshold_p_0.70,,0.291101,0.00019862,0.0912,0.0
first_run,L1,102007,v1_frozen,,0.639436,0.00142241,0.76342,0.0
first_run,L1,102007,drl_pi,0,0.641984,0.00155312,0.78668,0.0
first_run,L1,102007,drl_pi,10,0.641474,0.00149818,0.77955,0.0
first_run,L1,102007,drl_pi,25,0.639096,0.00141267,0.77106,0.0
first_run,L1,102007,drl_pi,50,0.636719,0.00135597,0.76596,0.0
first_run,L1,102007,drl_pi,100,0.629076,0.00125595,0.74728,0.0
first_run,L1,102007,drl_pi,150,0.605129,0.00116205,0.7089,0.0
first_run,L1,102007,drl_pi,200,0.564368,0.00097031,0.63638,0.0
first_run,L1,102007,drl_pi,300,0.455842,0.00051558,0.44735,0.0
first_run,L1,102007,drl_pi,500,0.386719,0.00033012,0.31895,0.0
first_run,L1,102007,t_learner,0,0.642493,0.00157442,0.79382,0.0
first_run,L1,102007,t_learner,10,0.642493,0.00153875,0.7877,0.0
first_run,L1,102007,t_learner,25,0.640285,0.00142141,0.77819,0.0
first_run,L1,102007,t_learner,50,0.6357,0.00129515,0.76223,0.0
first_run,L1,102007,t_learner,100,0.629586,0.00121671,0.74592,0.0
first_run,L1,102007,t_learner,150,0.621433,0.00114181,0.72334,0.0
first_run,L1,102007,t_learner,200,0.598845,0.00101062,0.67527,0.0
first_run,L1,102007,t_learner,300,0.488281,0.00054469,0.48454,0.0
first_run,L1,102007,t_learner,500,0.404212,0.00033229,0.32558,0.0
first_run,L1,102007,direct_baseline,0,0.640965,0.00329386,0.99219,0.0
first_run,L1,102007,direct_baseline,10,0.638417,0.00320066,0.98641,0.0
first_run,L1,102007,direct_baseline,25,0.626868,0.00281906,0.94667,0.0
first_run,L1,102007,direct_baseline,50,0.617188,0.00126324,0.74592,0.0
first_run,L1,102007,direct_baseline,100,0.459409,0.00049313,0.42935,0.0
first_run,L1,102007,direct_baseline,150,0.37551,0.00029986,0.26427,0.0
first_run,L1,102007,direct_baseline,200,0.296705,0.00016049,0.1194,0.0
first_run,L1,102007,direct_baseline,300,0.224355,5.003e-05,0.0056,0.0
first_run,L1,102007,direct_baseline,500,0.220958,4.62e-05,0.00017,0.0
first_run,L1,102007,oracle_fullinfo,0,0.670516,0.00086602,0.44956,0.0
first_run,L1,102007,oracle_fullinfo,10,0.670516,0.00086601,0.44973,0.0
first_run,L1,102007,oracle_fullinfo,25,0.670516,0.00086601,0.44973,0.0
first_run,L1,102007,oracle_fullinfo,50,0.669497,0.00083651,0.44871,0.0
first_run,L1,102007,oracle_fullinfo,100,0.66661,0.00079997,0.44582,0.0
first_run,L1,102007,oracle_fullinfo,150,0.663383,0.00077307,0.4426,0.0
first_run,L1,102007,oracle_fullinfo,200,0.658458,0.00074556,0.43767,0.0
first_run,L1,102007,oracle_fullinfo,300,0.649966,0.00071068,0.42918,0.0
first_run,L1,102007,oracle_fullinfo,500,0.5107,0.00035093,0.28991,0.0
first_run,L1,102007,threshold_p_0.05,,0.642493,0.0015569,0.78906,0.0
first_run,L1,102007,threshold_p_0.10,,0.642323,0.00155082,0.78753,0.0
first_run,L1,102007,threshold_p_0.15,,0.642493,0.00152162,0.78261,0.0
first_run,L1,102007,threshold_p_0.20,,0.641984,0.00150376,0.77819,0.0
first_run,L1,102007,threshold_p_0.25,,0.641474,0.00149077,0.77463,0.0
first_run,L1,102007,threshold_p_0.30,,0.639436,0.00142241,0.76342,0.0
first_run,L1,102007,threshold_p_0.35,,0.63587,0.00136994,0.75068,0.0
first_run,L1,102007,threshold_p_0.40,,0.630265,0.00130872,0.72894,0.0
first_run,L1,102007,threshold_p_0.50,,0.597486,0.00111969,0.63995,0.0
first_run,L1,102007,threshold_p_0.60,,0.491338,0.00075089,0.42171,0.0
first_run,L1,102007,threshold_p_0.70,,0.291101,0.00019862,0.0912,0.0
first_run,L1,102008,v1_frozen,,0.639436,0.00142241,0.76342,0.0
first_run,L1,102008,drl_pi,0,0.641814,0.00151466,0.77972,0.0
first_run,L1,102008,drl_pi,10,0.640625,0.00147405,0.77582,0.0
first_run,L1,102008,drl_pi,25,0.638077,0.00139638,0.76817,0.0
first_run,L1,102008,drl_pi,50,0.636549,0.0013573,0.76478,0.0
first_run,L1,102008,drl_pi,100,0.629416,0.00125907,0.75017,0.0
first_run,L1,102008,drl_pi,150,0.604959,0.00115609,0.70771,0.0
first_run,L1,102008,drl_pi,200,0.575577,0.00100388,0.65285,0.0
first_run,L1,102008,drl_pi,300,0.453635,0.00051084,0.44361,0.0
first_run,L1,102008,drl_pi,500,0.386889,0.00033245,0.32014,0.0
first_run,L1,102008,t_learner,0,0.642493,0.00156746,0.79195,0.0
first_run,L1,102008,t_learner,10,0.642493,0.00153362,0.78702,0.0
first_run,L1,102008,t_learner,25,0.640285,0.00142062,0.77802,0.0
first_run,L1,102008,t_learner,50,0.63502,0.00128913,0.7607,0.0
first_run,L1,102008,t_learner,100,0.629586,0.00121543,0.74558,0.0
first_run,L1,102008,t_learner,150,0.621264,0.00113995,0.72266,0.0
first_run,L1,102008,t_learner,200,0.598336,0.00100656,0.67374,0.0
first_run,L1,102008,t_learner,300,0.488111,0.00054409,0.48404,0.0
first_run,L1,102008,t_learner,500,0.404212,0.00033117,0.32422,0.0
first_run,L1,102008,direct_baseline,0,0.640965,0.00329386,0.99219,0.0
first_run,L1,102008,direct_baseline,10,0.639436,0.00322255,0.98879,0.0
first_run,L1,102008,direct_baseline,25,0.629586,0.00284292,0.95262,0.0
first_run,L1,102008,direct_baseline,50,0.618716,0.00127454,0.75034,0.0
first_run,L1,102008,direct_baseline,100,0.46824,0.00050761,0.44786,0.0
first_run,L1,102008,direct_baseline,150,0.38502,0.00031562,0.28125,0.0
first_run,L1,102008,direct_baseline,200,0.301461,0.00016609,0.12738,0.0
first_run,L1,102008,direct_baseline,300,0.223336,4.98e-05,0.00493,0.0
first_run,L1,102008,direct_baseline,500,0.220958,4.62e-05,0.00017,0.0
first_run,L1,102008,oracle_fullinfo,0,0.670516,0.00086602,0.44956,0.0
first_run,L1,102008,oracle_fullinfo,10,0.670516,0.00086601,0.44973,0.0
first_run,L1,102008,oracle_fullinfo,25,0.670516,0.00086601,0.44973,0.0
first_run,L1,102008,oracle_fullinfo,50,0.669497,0.00083651,0.44871,0.0
first_run,L1,102008,oracle_fullinfo,100,0.66661,0.00079997,0.44582,0.0
first_run,L1,102008,oracle_fullinfo,150,0.663383,0.00077307,0.4426,0.0
first_run,L1,102008,oracle_fullinfo,200,0.658458,0.00074556,0.43767,0.0
first_run,L1,102008,oracle_fullinfo,300,0.649966,0.00071068,0.42918,0.0
first_run,L1,102008,oracle_fullinfo,500,0.5107,0.00035093,0.28991,0.0
first_run,L1,102008,threshold_p_0.05,,0.642493,0.0015569,0.78906,0.0
first_run,L1,102008,threshold_p_0.10,,0.642323,0.00155082,0.78753,0.0
first_run,L1,102008,threshold_p_0.15,,0.642493,0.00152162,0.78261,0.0
first_run,L1,102008,threshold_p_0.20,,0.641984,0.00150376,0.77819,0.0
first_run,L1,102008,threshold_p_0.25,,0.641474,0.00149077,0.77463,0.0
first_run,L1,102008,threshold_p_0.30,,0.639436,0.00142241,0.76342,0.0
first_run,L1,102008,threshold_p_0.35,,0.63587,0.00136994,0.75068,0.0
first_run,L1,102008,threshold_p_0.40,,0.630265,0.00130872,0.72894,0.0
first_run,L1,102008,threshold_p_0.50,,0.597486,0.00111969,0.63995,0.0
first_run,L1,102008,threshold_p_0.60,,0.491338,0.00075089,0.42171,0.0
first_run,L1,102008,threshold_p_0.70,,0.291101,0.00019862,0.0912,0.0
first_run,L1,102009,v1_frozen,,0.639436,0.00142241,0.76342,0.0
first_run,L1,102009,drl_pi,0,0.641814,0.0015654,0.79042,0.0
first_run,L1,102009,drl_pi,10,0.639776,0.00145617,0.7748,0.0
first_run,L1,102009,drl_pi,25,0.637908,0.00139588,0.76851,0.0
first_run,L1,102009,drl_pi,50,0.636719,0.00134964,0.76495,0.0
first_run,L1,102009,drl_pi,100,0.629416,0.00125277,0.74847,0.0
first_run,L1,102009,drl_pi,150,0.60377,0.00114514,0.70312,0.0
first_run,L1,102009,drl_pi,200,0.55163,0.00091971,0.61617,0.0
first_run,L1,102009,drl_pi,300,0.452446,0.00050888,0.44141,0.0
first_run,L1,102009,drl_pi,500,0.386719,0.00033103,0.31827,0.0
first_run,L1,102009,t_learner,0,0.642493,0.0015749,0.79399,0.0
first_run,L1,102009,t_learner,10,0.642493,0.00153875,0.7877,0.0
first_run,L1,102009,t_learner,25,0.640285,0.00142141,0.77819,0.0
first_run,L1,102009,t_learner,50,0.63519,0.00129058,0.76138,0.0
first_run,L1,102009,t_learner,100,0.629586,0.00121591,0.74575,0.0
first_run,L1,102009,t_learner,150,0.620924,0.00113791,0.72215,0.0
first_run,L1,102009,t_learner,200,0.596807,0.00099757,0.67052,0.0
first_run,L1,102009,t_learner,300,0.486923,0.00054135,0.48285,0.0
first_run,L1,102009,t_learner,500,0.399626,0.00032279,0.31726,0.0
first_run,L1,102009,direct_baseline,0,0.640965,0.00329386,0.99219,0.0
first_run,L1,102009,direct_baseline,10,0.638417,0.00321022,0.98658,0.0
first_run,L1,102009,direct_baseline,25,0.630435,0.00284694,0.95262,0.0
first_run,L1,102009,direct_baseline,50,0.618037,0.00128208,0.75068,0.0
first_run,L1,102009,direct_baseline,100,0.459579,0.00049235,0.43037,0.0
first_run,L1,102009,direct_baseline,150,0.373132,0.00030494,0.26223,0.0
first_run,L1,102009,direct_baseline,200,0.296196,0.000162,0.12092,0.0
first_run,L1,102009,direct_baseline,300,0.225204,5.111e-05,0.00679,0.0
first_run,L1,102009,direct_baseline,500,0.220958,4.62e-05,0.00017,0.0
first_run,L1,102009,oracle_fullinfo,0,0.670516,0.00086602,0.44956,0.0
first_run,L1,102009,oracle_fullinfo,10,0.670516,0.00086601,0.44973,0.0
first_run,L1,102009,oracle_fullinfo,25,0.670516,0.00086601,0.44973,0.0
first_run,L1,102009,oracle_fullinfo,50,0.669497,0.00083651,0.44871,0.0
first_run,L1,102009,oracle_fullinfo,100,0.66661,0.00079997,0.44582,0.0
first_run,L1,102009,oracle_fullinfo,150,0.663383,0.00077307,0.4426,0.0
first_run,L1,102009,oracle_fullinfo,200,0.658458,0.00074556,0.43767,0.0
first_run,L1,102009,oracle_fullinfo,300,0.649966,0.00071068,0.42918,0.0
first_run,L1,102009,oracle_fullinfo,500,0.5107,0.00035093,0.28991,0.0
first_run,L1,102009,threshold_p_0.05,,0.642493,0.0015569,0.78906,0.0
first_run,L1,102009,threshold_p_0.10,,0.642323,0.00155082,0.78753,0.0
first_run,L1,102009,threshold_p_0.15,,0.642493,0.00152162,0.78261,0.0
first_run,L1,102009,threshold_p_0.20,,0.641984,0.00150376,0.77819,0.0
first_run,L1,102009,threshold_p_0.25,,0.641474,0.00149077,0.77463,0.0
first_run,L1,102009,threshold_p_0.30,,0.639436,0.00142241,0.76342,0.0
first_run,L1,102009,threshold_p_0.35,,0.63587,0.00136994,0.75068,0.0
first_run,L1,102009,threshold_p_0.40,,0.630265,0.00130872,0.72894,0.0
first_run,L1,102009,threshold_p_0.50,,0.597486,0.00111969,0.63995,0.0
first_run,L1,102009,threshold_p_0.60,,0.491338,0.00075089,0.42171,0.0
first_run,L1,102009,threshold_p_0.70,,0.291101,0.00019862,0.0912,0.0
first_run,L2,102000,v1_frozen,,0.639436,0.00142241,0.76342,0.0
first_run,L2,102000,drl_pi,0,0.641984,0.00155003,0.78584,0.0
first_run,L2,102000,drl_pi,10,0.641474,0.00150725,0.7804,0.0
first_run,L2,102000,drl_pi,25,0.638757,0.00140305,0.77021,0.0
first_run,L2,102000,drl_pi,50,0.636379,0.00134592,0.76529,0.0
first_run,L2,102000,drl_pi,100,0.631793,0.00126333,0.75323,0.0
first_run,L2,102000,drl_pi,150,0.606148,0.0011695,0.71264,0.0
first_run,L2,102000,drl_pi,200,0.576936,0.00102129,0.65863,0.0
first_run,L2,102000,drl_pi,300,0.453635,0.000514,0.4465,0.0
first_run,L2,102000,drl_pi,500,0.386719,0.00033133,0.3176,0.0
first_run,L2,102000,t_learner,0,0.640965,0.0033217,1.0,0.0
first_run,L2,102000,t_learner,10,0.641814,0.00188647,0.84698,0.0
first_run,L2,102000,t_learner,25,0.641135,0.00146769,0.78618,0.0
first_run,L2,102000,t_learner,50,0.636889,0.00132085,0.76698,0.0
first_run,L2,102000,t_learner,100,0.630265,0.00122605,0.74898,0.0
first_run,L2,102000,t_learner,150,0.623471,0.00115178,0.72809,0.0
first_run,L2,102000,t_learner,200,0.602412,0.00103114,0.68495,0.0
first_run,L2,102000,t_learner,300,0.487602,0.00054685,0.48709,0.0
first_run,L2,102000,t_learner,500,0.40574,0.00033659,0.33169,0.0
first_run,L2,102000,direct_baseline,0,0.640965,0.00329386,0.99219,0.0
first_run,L2,102000,direct_baseline,10,0.639946,0.0032494,0.99066,0.0
first_run,L2,102000,direct_baseline,25,0.636209,0.00290191,0.96332,0.0
first_run,L2,102000,direct_baseline,50,0.629925,0.00135966,0.77582,0.0
first_run,L2,102000,direct_baseline,100,0.542799,0.0007866,0.59596,0.0
first_run,L2,102000,direct_baseline,150,0.47877,0.00052536,0.47775,0.0
first_run,L2,102000,direct_baseline,200,0.434783,0.00041103,0.39555,0.0
first_run,L2,102000,direct_baseline,300,0.295007,0.00014616,0.14266,0.0
first_run,L2,102000,direct_baseline,500,0.220788,4.628e-05,0.00034,0.0
first_run,L2,102000,oracle_fullinfo,0,0.670516,0.00086602,0.44956,0.0
first_run,L2,102000,oracle_fullinfo,10,0.670516,0.00086601,0.44973,0.0
first_run,L2,102000,oracle_fullinfo,25,0.670516,0.00086601,0.44973,0.0
first_run,L2,102000,oracle_fullinfo,50,0.669497,0.00083651,0.44871,0.0
first_run,L2,102000,oracle_fullinfo,100,0.66661,0.00079997,0.44582,0.0
first_run,L2,102000,oracle_fullinfo,150,0.663383,0.00077307,0.4426,0.0
first_run,L2,102000,oracle_fullinfo,200,0.658458,0.00074556,0.43767,0.0
first_run,L2,102000,oracle_fullinfo,300,0.649966,0.00071068,0.42918,0.0
first_run,L2,102000,oracle_fullinfo,500,0.5107,0.00035093,0.28991,0.0
first_run,L2,102000,threshold_p_0.05,,0.642493,0.0015569,0.78906,0.0
first_run,L2,102000,threshold_p_0.10,,0.642323,0.00155082,0.78753,0.0
first_run,L2,102000,threshold_p_0.15,,0.642493,0.00152162,0.78261,0.0
first_run,L2,102000,threshold_p_0.20,,0.641984,0.00150376,0.77819,0.0
first_run,L2,102000,threshold_p_0.25,,0.641474,0.00149077,0.77463,0.0
first_run,L2,102000,threshold_p_0.30,,0.639436,0.00142241,0.76342,0.0
first_run,L2,102000,threshold_p_0.35,,0.63587,0.00136994,0.75068,0.0
first_run,L2,102000,threshold_p_0.40,,0.630265,0.00130872,0.72894,0.0
first_run,L2,102000,threshold_p_0.50,,0.597486,0.00111969,0.63995,0.0
first_run,L2,102000,threshold_p_0.60,,0.491338,0.00075089,0.42171,0.0
first_run,L2,102000,threshold_p_0.70,,0.291101,0.00019862,0.0912,0.0
first_run,L2,102001,v1_frozen,,0.639436,0.00142241,0.76342,0.0
first_run,L2,102001,drl_pi,0,0.642154,0.00155719,0.79008,0.0
first_run,L2,102001,drl_pi,10,0.638587,0.00145816,0.77615,0.0
first_run,L2,102001,drl_pi,25,0.638077,0.00140562,0.77038,0.0
first_run,L2,102001,drl_pi,50,0.636549,0.00135978,0.76596,0.0
first_run,L2,102001,drl_pi,100,0.611583,0.00123105,0.72673,0.0
first_run,L2,102001,drl_pi,150,0.603261,0.0011638,0.70975,0.0
first_run,L2,102001,drl_pi,200,0.539742,0.00088515,0.60445,0.0
first_run,L2,102001,drl_pi,300,0.44803,0.00049289,0.43173,0.0
first_run,L2,102001,drl_pi,500,0.383322,0.00032374,0.30995,0.0
first_run,L2,102001,t_learner,0,0.640965,0.0033217,1.0,0.0
first_run,L2,102001,t_learner,10,0.641814,0.00198763,0.86124,0.0
first_run,L2,102001,t_learner,25,0.640965,0.00146055,0.78584,0.0
first_run,L2,102001,t_learner,50,0.636209,0.0013092,0.76546,0.0
first_run,L2,102001,t_learner,100,0.629755,0.00122257,0.74813,0.0
first_run,L2,102001,t_learner,150,0.621264,0.00114313,0.72537,0.0
first_run,L2,102001,t_learner,200,0.59341,0.00098386,0.66763,0.0
first_run,L2,102001,t_learner,300,0.484715,0.00053327,0.47979,0.0
first_run,L2,102001,t_learner,500,0.387058,0.0003003,0.30061,0.0
first_run,L2,102001,direct_baseline,0,0.640965,0.00329386,0.99219,0.0
first_run,L2,102001,direct_baseline,10,0.639946,0.0032494,0.99066,0.0
first_run,L2,102001,direct_baseline,25,0.63587,0.00289864,0.96298,0.0
first_run,L2,102001,direct_baseline,50,0.629416,0.0013551,0.7748,0.0
first_run,L2,102001,direct_baseline,100,0.537194,0.00076428,0.58696,0.0
first_run,L2,102001,direct_baseline,150,0.475883,0.00051698,0.47232,0.0
first_run,L2,102001,direct_baseline,200,0.425781,0.00039099,0.37823,0.0
first_run,L2,102001,direct_baseline,300,0.28142,0.00012353,0.11379,0.0
first_run,L2,102001,direct_baseline,500,0.220958,4.62e-05,0.00017,0.0
first_run,L2,102001,oracle_fullinfo,0,0.670516,0.00086602,0.44956,0.0
first_run,L2,102001,oracle_fullinfo,10,0.670516,0.00086601,0.44973,0.0
first_run,L2,102001,oracle_fullinfo,25,0.670516,0.00086601,0.44973,0.0
first_run,L2,102001,oracle_fullinfo,50,0.669497,0.00083651,0.44871,0.0
first_run,L2,102001,oracle_fullinfo,100,0.66661,0.00079997,0.44582,0.0
first_run,L2,102001,oracle_fullinfo,150,0.663383,0.00077307,0.4426,0.0
first_run,L2,102001,oracle_fullinfo,200,0.658458,0.00074556,0.43767,0.0
first_run,L2,102001,oracle_fullinfo,300,0.649966,0.00071068,0.42918,0.0
first_run,L2,102001,oracle_fullinfo,500,0.5107,0.00035093,0.28991,0.0
first_run,L2,102001,threshold_p_0.05,,0.642493,0.0015569,0.78906,0.0
first_run,L2,102001,threshold_p_0.10,,0.642323,0.00155082,0.78753,0.0
first_run,L2,102001,threshold_p_0.15,,0.642493,0.00152162,0.78261,0.0
first_run,L2,102001,threshold_p_0.20,,0.641984,0.00150376,0.77819,0.0
first_run,L2,102001,threshold_p_0.25,,0.641474,0.00149077,0.77463,0.0
first_run,L2,102001,threshold_p_0.30,,0.639436,0.00142241,0.76342,0.0
first_run,L2,102001,threshold_p_0.35,,0.63587,0.00136994,0.75068,0.0
first_run,L2,102001,threshold_p_0.40,,0.630265,0.00130872,0.72894,0.0
first_run,L2,102001,threshold_p_0.50,,0.597486,0.00111969,0.63995,0.0
first_run,L2,102001,threshold_p_0.60,,0.491338,0.00075089,0.42171,0.0
first_run,L2,102001,threshold_p_0.70,,0.291101,0.00019862,0.0912,0.0
first_run,L2,102002,v1_frozen,,0.639436,0.00142241,0.76342,0.0
first_run,L2,102002,drl_pi,0,0.641984,0.0015606,0.78889,0.0
first_run,L2,102002,drl_pi,10,0.641644,0.0015106,0.78193,0.0
first_run,L2,102002,drl_pi,25,0.639436,0.00140999,0.77174,0.0
first_run,L2,102002,drl_pi,50,0.636719,0.00135289,0.76579,0.0
first_run,L2,102002,drl_pi,100,0.612602,0.00123039,0.7303,0.0
first_run,L2,102002,drl_pi,150,0.605808,0.00117434,0.71501,0.0
first_run,L2,102002,drl_pi,200,0.553499,0.00094225,0.62704,0.0
first_run,L2,102002,drl_pi,300,0.452106,0.00051215,0.44344,0.0
first_run,L2,102002,drl_pi,500,0.383662,0.00033385,0.31743,0.0
first_run,L2,102002,t_learner,0,0.640965,0.0033217,1.0,0.0
first_run,L2,102002,t_learner,10,0.641644,0.00217494,0.88587,0.0
first_run,L2,102002,t_learner,25,0.641135,0.0014737,0.78753,0.0
first_run,L2,102002,t_learner,50,0.636889,0.0013213,0.76715,0.0
first_run,L2,102002,t_learner,100,0.629925,0.00122439,0.74864,0.0
first_run,L2,102002,t_learner,150,0.622792,0.00114946,0.72741,0.0
first_run,L2,102002,t_learner,200,0.597826,0.00100939,0.67714,0.0
first_run,L2,102002,t_learner,300,0.485734,0.0005412,0.48421,0.0
first_run,L2,102002,t_learner,500,0.398268,0.00031963,0.3176,0.0
first_run,L2,102002,direct_baseline,0,0.640965,0.0032933,0.99168,0.0
first_run,L2,102002,direct_baseline,10,0.640115,0.00325193,0.99032,0.0
first_run,L2,102002,direct_baseline,25,0.6357,0.00289711,0.96247,0.0
first_run,L2,102002,direct_baseline,50,0.629076,0.00135345,0.77395,0.0
first_run,L2,102002,direct_baseline,100,0.54161,0.00078216,0.59375,0.0
first_run,L2,102002,direct_baseline,150,0.476902,0.00051818,0.473,0.0
first_run,L2,102002,direct_baseline,200,0.429008,0.00039724,0.38366,0.0
first_run,L2,102002,direct_baseline,300,0.283628,0.00012965,0.12194,0.0
first_run,L2,102002,direct_baseline,500,0.220958,4.62e-05,0.00017,0.0
first_run,L2,102002,oracle_fullinfo,0,0.670516,0.00086602,0.44956,0.0
first_run,L2,102002,oracle_fullinfo,10,0.670516,0.00086601,0.44973,0.0
first_run,L2,102002,oracle_fullinfo,25,0.670516,0.00086601,0.44973,0.0
first_run,L2,102002,oracle_fullinfo,50,0.669497,0.00083651,0.44871,0.0
first_run,L2,102002,oracle_fullinfo,100,0.66661,0.00079997,0.44582,0.0
first_run,L2,102002,oracle_fullinfo,150,0.663383,0.00077307,0.4426,0.0
first_run,L2,102002,oracle_fullinfo,200,0.658458,0.00074556,0.43767,0.0
first_run,L2,102002,oracle_fullinfo,300,0.649966,0.00071068,0.42918,0.0
first_run,L2,102002,oracle_fullinfo,500,0.5107,0.00035093,0.28991,0.0
first_run,L2,102002,threshold_p_0.05,,0.642493,0.0015569,0.78906,0.0
first_run,L2,102002,threshold_p_0.10,,0.642323,0.00155082,0.78753,0.0
first_run,L2,102002,threshold_p_0.15,,0.642493,0.00152162,0.78261,0.0
first_run,L2,102002,threshold_p_0.20,,0.641984,0.00150376,0.77819,0.0
first_run,L2,102002,threshold_p_0.25,,0.641474,0.00149077,0.77463,0.0
first_run,L2,102002,threshold_p_0.30,,0.639436,0.00142241,0.76342,0.0
first_run,L2,102002,threshold_p_0.35,,0.63587,0.00136994,0.75068,0.0
first_run,L2,102002,threshold_p_0.40,,0.630265,0.00130872,0.72894,0.0
first_run,L2,102002,threshold_p_0.50,,0.597486,0.00111969,0.63995,0.0
first_run,L2,102002,threshold_p_0.60,,0.491338,0.00075089,0.42171,0.0
first_run,L2,102002,threshold_p_0.70,,0.291101,0.00019862,0.0912,0.0
first_run,L2,102003,v1_frozen,,0.639436,0.00142241,0.76342,0.0
first_run,L2,102003,drl_pi,0,0.642154,0.00154268,0.7877,0.0
first_run,L2,102003,drl_pi,10,0.640795,0.00149325,0.78159,0.0
first_run,L2,102003,drl_pi,25,0.637738,0.00139653,0.76936,0.0
first_run,L2,102003,drl_pi,50,0.636549,0.00134674,0.76444,0.0
first_run,L2,102003,drl_pi,100,0.623811,0.00124626,0.741,0.0
first_run,L2,102003,drl_pi,150,0.605299,0.00116618,0.71026,0.0
first_run,L2,102003,drl_pi,200,0.568444,0.00098514,0.64504,0.0
first_run,L2,102003,drl_pi,300,0.456012,0.00052585,0.45024,0.0
first_run,L2,102003,drl_pi,500,0.386209,0.00033383,0.32031,0.0
first_run,L2,102003,t_learner,0,0.640965,0.0033217,1.0,0.0
first_run,L2,102003,t_learner,10,0.642154,0.00166694,0.81233,0.0
first_run,L2,102003,t_learner,25,0.641135,0.00145877,0.78482,0.0
first_run,L2,102003,t_learner,50,0.636719,0.0013189,0.76664,0.0
first_run,L2,102003,t_learner,100,0.630265,0.00122577,0.74881,0.0
first_run,L2,102003,t_learner,150,0.623302,0.00115122,0.72792,0.0
first_run,L2,102003,t_learner,200,0.601732,0.00102792,0.68359,0.0
first_run,L2,102003,t_learner,300,0.488281,0.00054815,0.48743,0.0
first_run,L2,102003,t_learner,500,0.40642,0.0003375,0.3322,0.0
first_run,L2,102003,direct_baseline,0,0.640965,0.00329386,0.99219,0.0
first_run,L2,102003,direct_baseline,10,0.640455,0.00326129,0.99117,0.0
first_run,L2,102003,direct_baseline,25,0.636719,0.00291145,0.96399,0.0
first_run,L2,102003,direct_baseline,50,0.628057,0.0013449,0.77191,0.0
first_run,L2,102003,direct_baseline,100,0.550442,0.0008141,0.60615,0.0
first_run,L2,102003,direct_baseline,150,0.478261,0.000518,0.47249,0.0
first_run,L2,102003,direct_baseline,200,0.434613,0.00040599,0.39029,0.0
first_run,L2,102003,direct_baseline,300,0.286345,0.00013409,0.12585,0.0
first_run,L2,102003,direct_baseline,500,0.221128,4.677e-05,0.00136,0.0
first_run,L2,102003,oracle_fullinfo,0,0.670516,0.00086602,0.44956,0.0
first_run,L2,102003,oracle_fullinfo,10,0.670516,0.00086601,0.44973,0.0
first_run,L2,102003,oracle_fullinfo,25,0.670516,0.00086601,0.44973,0.0
first_run,L2,102003,oracle_fullinfo,50,0.669497,0.00083651,0.44871,0.0
first_run,L2,102003,oracle_fullinfo,100,0.66661,0.00079997,0.44582,0.0
first_run,L2,102003,oracle_fullinfo,150,0.663383,0.00077307,0.4426,0.0
first_run,L2,102003,oracle_fullinfo,200,0.658458,0.00074556,0.43767,0.0
first_run,L2,102003,oracle_fullinfo,300,0.649966,0.00071068,0.42918,0.0
first_run,L2,102003,oracle_fullinfo,500,0.5107,0.00035093,0.28991,0.0
first_run,L2,102003,threshold_p_0.05,,0.642493,0.0015569,0.78906,0.0
first_run,L2,102003,threshold_p_0.10,,0.642323,0.00155082,0.78753,0.0
first_run,L2,102003,threshold_p_0.15,,0.642493,0.00152162,0.78261,0.0
first_run,L2,102003,threshold_p_0.20,,0.641984,0.00150376,0.77819,0.0
first_run,L2,102003,threshold_p_0.25,,0.641474,0.00149077,0.77463,0.0
first_run,L2,102003,threshold_p_0.30,,0.639436,0.00142241,0.76342,0.0
first_run,L2,102003,threshold_p_0.35,,0.63587,0.00136994,0.75068,0.0
first_run,L2,102003,threshold_p_0.40,,0.630265,0.00130872,0.72894,0.0
first_run,L2,102003,threshold_p_0.50,,0.597486,0.00111969,0.63995,0.0
first_run,L2,102003,threshold_p_0.60,,0.491338,0.00075089,0.42171,0.0
first_run,L2,102003,threshold_p_0.70,,0.291101,0.00019862,0.0912,0.0
first_run,L2,102004,v1_frozen,,0.639436,0.00142241,0.76342,0.0
first_run,L2,102004,drl_pi,0,0.641984,0.00157397,0.79314,0.0
first_run,L2,102004,drl_pi,10,0.641474,0.00152684,0.78618,0.0
first_run,L2,102004,drl_pi,25,0.639096,0.00141084,0.77225,0.0
first_run,L2,102004,drl_pi,50,0.636549,0.00135179,0.76546,0.0
first_run,L2,102004,drl_pi,100,0.630944,0.00125511,0.75136,0.0
first_run,L2,102004,drl_pi,150,0.603431,0.00114477,0.70448,0.0
first_run,L2,102004,drl_pi,200,0.56233,0.00096432,0.6323,0.0
first_run,L2,102004,drl_pi,300,0.449219,0.00050763,0.43971,0.0
first_run,L2,102004,drl_pi,500,0.386379,0.00033229,0.31946,0.0
first_run,L2,102004,t_learner,0,0.640965,0.0033217,1.0,0.0
first_run,L2,102004,t_learner,10,0.641984,0.00181368,0.83611,0.0
first_run,L2,102004,t_learner,25,0.641135,0.00146372,0.78584,0.0
first_run,L2,102004,t_learner,50,0.636889,0.00132085,0.76698,0.0
first_run,L2,102004,t_learner,100,0.630265,0.00122577,0.74881,0.0
first_run,L2,102004,t_learner,150,0.623302,0.00115122,0.72792,0.0
first_run,L2,102004,t_learner,200,0.600713,0.0010228,0.6819,0.0
first_run,L2,102004,t_learner,300,0.487092,0.00054491,0.4859,0.0
first_run,L2,102004,t_learner,500,0.403702,0.00033255,0.32829,0.0
first_run,L2,102004,direct_baseline,0,0.640965,0.00329386,0.99219,0.0
first_run,L2,102004,direct_baseline,10,0.640115,0.00325434,0.99083,0.0
first_run,L2,102004,direct_baseline,25,0.63587,0.00290107,0.96315,0.0
first_run,L2,102004,direct_baseline,50,0.629586,0.00135693,0.77514,0.0
first_run,L2,102004,direct_baseline,100,0.54127,0.00078391,0.59477,0.0
first_run,L2,102004,direct_baseline,150,0.477921,0.00052038,0.47452,0.0
first_run,L2,102004,direct_baseline,200,0.432745,0.00040378,0.38927,0.0
first_run,L2,102004,direct_baseline,300,0.292799,0.00014183,0.13672,0.0
first_run,L2,102004,direct_baseline,500,0.220958,4.62e-05,0.00017,0.0
first_run,L2,102004,oracle_fullinfo,0,0.670516,0.00086602,0.44956,0.0
first_run,L2,102004,oracle_fullinfo,10,0.670516,0.00086601,0.44973,0.0
first_run,L2,102004,oracle_fullinfo,25,0.670516,0.00086601,0.44973,0.0
first_run,L2,102004,oracle_fullinfo,50,0.669497,0.00083651,0.44871,0.0
first_run,L2,102004,oracle_fullinfo,100,0.66661,0.00079997,0.44582,0.0
first_run,L2,102004,oracle_fullinfo,150,0.663383,0.00077307,0.4426,0.0
first_run,L2,102004,oracle_fullinfo,200,0.658458,0.00074556,0.43767,0.0
first_run,L2,102004,oracle_fullinfo,300,0.649966,0.00071068,0.42918,0.0
first_run,L2,102004,oracle_fullinfo,500,0.5107,0.00035093,0.28991,0.0
first_run,L2,102004,threshold_p_0.05,,0.642493,0.0015569,0.78906,0.0
first_run,L2,102004,threshold_p_0.10,,0.642323,0.00155082,0.78753,0.0
first_run,L2,102004,threshold_p_0.15,,0.642493,0.00152162,0.78261,0.0
first_run,L2,102004,threshold_p_0.20,,0.641984,0.00150376,0.77819,0.0
first_run,L2,102004,threshold_p_0.25,,0.641474,0.00149077,0.77463,0.0
first_run,L2,102004,threshold_p_0.30,,0.639436,0.00142241,0.76342,0.0
first_run,L2,102004,threshold_p_0.35,,0.63587,0.00136994,0.75068,0.0
first_run,L2,102004,threshold_p_0.40,,0.630265,0.00130872,0.72894,0.0
first_run,L2,102004,threshold_p_0.50,,0.597486,0.00111969,0.63995,0.0
first_run,L2,102004,threshold_p_0.60,,0.491338,0.00075089,0.42171,0.0
first_run,L2,102004,threshold_p_0.70,,0.291101,0.00019862,0.0912,0.0
first_run,L2,102005,v1_frozen,,0.639436,0.00142241,0.76342,0.0
first_run,L2,102005,drl_pi,0,0.641644,0.00156291,0.78838,0.0
first_run,L2,102005,drl_pi,10,0.640455,0.00148862,0.77768,0.0
first_run,L2,102005,drl_pi,25,0.637908,0.00139965,0.76749,0.0
first_run,L2,102005,drl_pi,50,0.636549,0.00134799,0.76359,0.0
first_run,L2,102005,drl_pi,100,0.615999,0.001218,0.72894,0.0
first_run,L2,102005,drl_pi,150,0.599524,0.00112491,0.69599,0.0
first_run,L2,102005,drl_pi,200,0.570312,0.00097352,0.64062,0.0
first_run,L2,102005,drl_pi,300,0.452276,0.0005066,0.4426,0.0
first_run,L2,102005,drl_pi,500,0.382982,0.00031921,0.30842,0.0
first_run,L2,102005,t_learner,0,0.640965,0.0033217,1.0,0.0
first_run,L2,102005,t_learner,10,0.641984,0.00172953,0.82286,0.0
first_run,L2,102005,t_learner,25,0.640965,0.00145697,0.78482,0.0
first_run,L2,102005,t_learner,50,0.636549,0.00131398,0.76596,0.0
first_run,L2,102005,t_learner,100,0.629925,0.0012234,0.7483,0.0
first_run,L2,102005,t_learner,150,0.622962,0.00114986,0.72741,0.0
first_run,L2,102005,t_learner,200,0.599694,0.00101576,0.67918,0.0
first_run,L2,102005,t_learner,300,0.486073,0.00054291,0.48488,0.0
first_run,L2,102005,t_learner,500,0.401155,0.00032539,0.32201,0.0
first_run,L2,102005,direct_baseline,0,0.640965,0.00329386,0.99219,0.0
first_run,L2,102005,direct_baseline,10,0.639946,0.0032494,0.99066,0.0
first_run,L2,102005,direct_baseline,25,0.63536,0.00289218,0.96179,0.0
first_run,L2,102005,direct_baseline,50,0.629246,0.00135452,0.77412,0.0
first_run,L2,102005,direct_baseline,100,0.54161,0.00078525,0.59528,0.0
first_run,L2,102005,direct_baseline,150,0.477751,0.00051981,0.47435,0.0
first_run,L2,102005,direct_baseline,200,0.431895,0.00040355,0.3891,0.0
first_run,L2,102005,direct_baseline,300,0.283628,0.00012726,0.11838,0.0
first_run,L2,102005,direct_baseline,500,0.220958,4.62e-05,0.00017,0.0
first_run,L2,102005,oracle_fullinfo,0,0.670516,0.00086602,0.44956,0.0
first_run,L2,102005,oracle_fullinfo,10,0.670516,0.00086601,0.44973,0.0
first_run,L2,102005,oracle_fullinfo,25,0.670516,0.00086601,0.44973,0.0
first_run,L2,102005,oracle_fullinfo,50,0.669497,0.00083651,0.44871,0.0
first_run,L2,102005,oracle_fullinfo,100,0.66661,0.00079997,0.44582,0.0
first_run,L2,102005,oracle_fullinfo,150,0.663383,0.00077307,0.4426,0.0
first_run,L2,102005,oracle_fullinfo,200,0.658458,0.00074556,0.43767,0.0
first_run,L2,102005,oracle_fullinfo,300,0.649966,0.00071068,0.42918,0.0
first_run,L2,102005,oracle_fullinfo,500,0.5107,0.00035093,0.28991,0.0
first_run,L2,102005,threshold_p_0.05,,0.642493,0.0015569,0.78906,0.0
first_run,L2,102005,threshold_p_0.10,,0.642323,0.00155082,0.78753,0.0
first_run,L2,102005,threshold_p_0.15,,0.642493,0.00152162,0.78261,0.0
first_run,L2,102005,threshold_p_0.20,,0.641984,0.00150376,0.77819,0.0
first_run,L2,102005,threshold_p_0.25,,0.641474,0.00149077,0.77463,0.0
first_run,L2,102005,threshold_p_0.30,,0.639436,0.00142241,0.76342,0.0
first_run,L2,102005,threshold_p_0.35,,0.63587,0.00136994,0.75068,0.0
first_run,L2,102005,threshold_p_0.40,,0.630265,0.00130872,0.72894,0.0
first_run,L2,102005,threshold_p_0.50,,0.597486,0.00111969,0.63995,0.0
first_run,L2,102005,threshold_p_0.60,,0.491338,0.00075089,0.42171,0.0
first_run,L2,102005,threshold_p_0.70,,0.291101,0.00019862,0.0912,0.0
first_run,L2,102006,v1_frozen,,0.639436,0.00142241,0.76342,0.0
first_run,L2,102006,drl_pi,0,0.642323,0.00157979,0.79501,0.0
first_run,L2,102006,drl_pi,10,0.641474,0.00155327,0.79297,0.0
first_run,L2,102006,drl_pi,25,0.637908,0.00143068,0.77853,0.0
first_run,L2,102006,drl_pi,50,0.636549,0.00136467,0.76851,0.0
first_run,L2,102006,drl_pi,100,0.612942,0.00123303,0.72979,0.0
first_run,L2,102006,drl_pi,150,0.606148,0.00117224,0.71365,0.0
first_run,L2,102006,drl_pi,200,0.568444,0.00098777,0.64827,0.0
first_run,L2,102006,drl_pi,300,0.454823,0.00052289,0.45007,0.0
first_run,L2,102006,drl_pi,500,0.378736,0.00032734,0.30978,0.0
first_run,L2,102006,t_learner,0,0.640965,0.0033217,1.0,0.0
first_run,L2,102006,t_learner,10,0.641814,0.0019753,0.85954,0.0
first_run,L2,102006,t_learner,25,0.641135,0.00146893,0.78651,0.0
first_run,L2,102006,t_learner,50,0.636889,0.0013213,0.76715,0.0
first_run,L2,102006,t_learner,100,0.630265,0.00122605,0.74898,0.0
first_run,L2,102006,t_learner,150,0.623302,0.00115122,0.72792,0.0
first_run,L2,102006,t_learner,200,0.600713,0.00102312,0.68207,0.0
first_run,L2,102006,t_learner,300,0.486923,0.00054495,0.48607,0.0
first_run,L2,102006,t_learner,500,0.403023,0.00033175,0.32779,0.0
first_run,L2,102006,direct_baseline,0,0.640965,0.00329386,0.99219,0.0
first_run,L2,102006,direct_baseline,10,0.640115,0.00325249,0.99083,0.0
first_run,L2,102006,direct_baseline,25,0.636039,0.00290274,0.96315,0.0
first_run,L2,102006,direct_baseline,50,0.628397,0.00134712,0.77225,0.0
first_run,L2,102006,direct_baseline,100,0.548064,0.00080324,0.60224,0.0
first_run,L2,102006,direct_baseline,150,0.477072,0.00051534,0.47096,0.0
first_run,L2,102006,direct_baseline,200,0.433933,0.00040396,0.38893,0.0
first_run,L2,102006,direct_baseline,300,0.290931,0.00013747,0.12959,0.0
first_run,L2,102006,direct_baseline,500,0.220958,4.62e-05,0.00017,0.0
first_run,L2,102006,oracle_fullinfo,0,0.670516,0.00086602,0.44956,0.0
first_run,L2,102006,oracle_fullinfo,10,0.670516,0.00086601,0.44973,0.0
first_run,L2,102006,oracle_fullinfo,25,0.670516,0.00086601,0.44973,0.0
first_run,L2,102006,oracle_fullinfo,50,0.669497,0.00083651,0.44871,0.0
first_run,L2,102006,oracle_fullinfo,100,0.66661,0.00079997,0.44582,0.0
first_run,L2,102006,oracle_fullinfo,150,0.663383,0.00077307,0.4426,0.0
first_run,L2,102006,oracle_fullinfo,200,0.658458,0.00074556,0.43767,0.0
first_run,L2,102006,oracle_fullinfo,300,0.649966,0.00071068,0.42918,0.0
first_run,L2,102006,oracle_fullinfo,500,0.5107,0.00035093,0.28991,0.0
first_run,L2,102006,threshold_p_0.05,,0.642493,0.0015569,0.78906,0.0
first_run,L2,102006,threshold_p_0.10,,0.642323,0.00155082,0.78753,0.0
first_run,L2,102006,threshold_p_0.15,,0.642493,0.00152162,0.78261,0.0
first_run,L2,102006,threshold_p_0.20,,0.641984,0.00150376,0.77819,0.0
first_run,L2,102006,threshold_p_0.25,,0.641474,0.00149077,0.77463,0.0
first_run,L2,102006,threshold_p_0.30,,0.639436,0.00142241,0.76342,0.0
first_run,L2,102006,threshold_p_0.35,,0.63587,0.00136994,0.75068,0.0
first_run,L2,102006,threshold_p_0.40,,0.630265,0.00130872,0.72894,0.0
first_run,L2,102006,threshold_p_0.50,,0.597486,0.00111969,0.63995,0.0
first_run,L2,102006,threshold_p_0.60,,0.491338,0.00075089,0.42171,0.0
first_run,L2,102006,threshold_p_0.70,,0.291101,0.00019862,0.0912,0.0
first_run,L2,102007,v1_frozen,,0.639436,0.00142241,0.76342,0.0
first_run,L2,102007,drl_pi,0,0.641984,0.00155376,0.78685,0.0
first_run,L2,102007,drl_pi,10,0.641304,0.00151176,0.78278,0.0
first_run,L2,102007,drl_pi,25,0.638417,0.00142097,0.77225,0.0
first_run,L2,102007,drl_pi,50,0.637398,0.00137209,0.76732,0.0
first_run,L2,102007,drl_pi,100,0.615829,0.00124686,0.73556,0.0
first_run,L2,102007,drl_pi,150,0.606148,0.00117307,0.7145,0.0
first_run,L2,102007,drl_pi,200,0.56199,0.00097086,0.63757,0.0
first_run,L2,102007,drl_pi,300,0.456522,0.00051773,0.44633,0.0
first_run,L2,102007,drl_pi,500,0.38519,0.00033666,0.31793,0.0
first_run,L2,102007,t_learner,0,0.640965,0.0033217,1.0,0.0
first_run,L2,102007,t_learner,10,0.641814,0.00198763,0.86124,0.0
first_run,L2,102007,t_learner,25,0.641135,0.00146953,0.78668,0.0
first_run,L2,102007,t_learner,50,0.636889,0.0013213,0.76715,0.0
first_run,L2,102007,t_learner,100,0.630265,0.00122605,0.74898,0.0
first_run,L2,102007,t_learner,150,0.623302,0.00115122,0.72792,0.0
first_run,L2,102007,t_learner,200,0.600034,0.00101842,0.68037,0.0
first_run,L2,102007,t_learner,300,0.486413,0.00054363,0.48539,0.0
first_run,L2,102007,t_learner,500,0.401664,0.00032738,0.32405,0.0
first_run,L2,102007,direct_baseline,0,0.640965,0.00329386,0.99219,0.0
first_run,L2,102007,direct_baseline,10,0.639776,0.00323462,0.98947,0.0
first_run,L2,102007,direct_baseline,25,0.634341,0.00288353,0.96026,0.0
first_run,L2,102007,direct_baseline,50,0.628057,0.00134477,0.77174,0.0
first_run,L2,102007,direct_baseline,100,0.543139,0.000783,0.59426,0.0
first_run,L2,102007,direct_baseline,150,0.477582,0.00052116,0.47537,0.0
first_run,L2,102007,direct_baseline,200,0.430197,0.00040141,0.3874,0.0
first_run,L2,102007,direct_baseline,300,0.289742,0.00013642,0.13094,0.0
first_run,L2,102007,direct_baseline,500,0.220958,4.62e-05,0.00017,0.0
first_run,L2,102007,oracle_fullinfo,0,0.670516,0.00086602,0.44956,0.0
first_run,L2,102007,oracle_fullinfo,10,0.670516,0.00086601,0.44973,0.0
first_run,L2,102007,oracle_fullinfo,25,0.670516,0.00086601,0.44973,0.0
first_run,L2,102007,oracle_fullinfo,50,0.669497,0.00083651,0.44871,0.0
first_run,L2,102007,oracle_fullinfo,100,0.66661,0.00079997,0.44582,0.0
first_run,L2,102007,oracle_fullinfo,150,0.663383,0.00077307,0.4426,0.0
first_run,L2,102007,oracle_fullinfo,200,0.658458,0.00074556,0.43767,0.0
first_run,L2,102007,oracle_fullinfo,300,0.649966,0.00071068,0.42918,0.0
first_run,L2,102007,oracle_fullinfo,500,0.5107,0.00035093,0.28991,0.0
first_run,L2,102007,threshold_p_0.05,,0.642493,0.0015569,0.78906,0.0
first_run,L2,102007,threshold_p_0.10,,0.642323,0.00155082,0.78753,0.0
first_run,L2,102007,threshold_p_0.15,,0.642493,0.00152162,0.78261,0.0
first_run,L2,102007,threshold_p_0.20,,0.641984,0.00150376,0.77819,0.0
first_run,L2,102007,threshold_p_0.25,,0.641474,0.00149077,0.77463,0.0
first_run,L2,102007,threshold_p_0.30,,0.639436,0.00142241,0.76342,0.0
first_run,L2,102007,threshold_p_0.35,,0.63587,0.00136994,0.75068,0.0
first_run,L2,102007,threshold_p_0.40,,0.630265,0.00130872,0.72894,0.0
first_run,L2,102007,threshold_p_0.50,,0.597486,0.00111969,0.63995,0.0
first_run,L2,102007,threshold_p_0.60,,0.491338,0.00075089,0.42171,0.0
first_run,L2,102007,threshold_p_0.70,,0.291101,0.00019862,0.0912,0.0
first_run,L2,102008,v1_frozen,,0.639436,0.00142241,0.76342,0.0
first_run,L2,102008,drl_pi,0,0.641984,0.00153034,0.78431,0.0
first_run,L2,102008,drl_pi,10,0.641474,0.00150736,0.78074,0.0
first_run,L2,102008,drl_pi,25,0.639776,0.00143551,0.77429,0.0
first_run,L2,102008,drl_pi,50,0.636889,0.00136543,0.76596,0.0
first_run,L2,102008,drl_pi,100,0.612772,0.00123582,0.72996,0.0
first_run,L2,102008,drl_pi,150,0.605129,0.00116176,0.70941,0.0
first_run,L2,102008,drl_pi,200,0.555707,0.00093251,0.62602,0.0
first_run,L2,102008,drl_pi,300,0.453804,0.00051572,0.4465,0.0
first_run,L2,102008,drl_pi,500,0.382133,0.00033213,0.31641,0.0
first_run,L2,102008,t_learner,0,0.640965,0.0033217,1.0,0.0
first_run,L2,102008,t_learner,10,0.641984,0.00183829,0.83984,0.0
first_run,L2,102008,t_learner,25,0.641135,0.00146173,0.78567,0.0
first_run,L2,102008,t_learner,50,0.636889,0.00131961,0.76681,0.0
first_run,L2,102008,t_learner,100,0.629925,0.00122411,0.74847,0.0
first_run,L2,102008,t_learner,150,0.622962,0.00115023,0.72758,0.0
first_run,L2,102008,t_learner,200,0.599864,0.00101602,0.67935,0.0
first_run,L2,102008,t_learner,300,0.486073,0.00054291,0.48488,0.0
first_run,L2,102008,t_learner,500,0.401325,0.00032525,0.32201,0.0
first_run,L2,102008,direct_baseline,0,0.640965,0.00329386,0.99219,0.0
first_run,L2,102008,direct_baseline,10,0.639946,0.0032494,0.99066,0.0
first_run,L2,102008,direct_baseline,25,0.63553,0.00289258,0.9623,0.0
first_run,L2,102008,direct_baseline,50,0.628567,0.00135243,0.77412,0.0
first_run,L2,102008,direct_baseline,100,0.549253,0.00080931,0.60445,0.0
first_run,L2,102008,direct_baseline,150,0.477242,0.00051827,0.47283,0.0
first_run,L2,102008,direct_baseline,200,0.430367,0.00039377,0.38043,0.0
first_run,L2,102008,direct_baseline,300,0.285836,0.00013043,0.12279,0.0
first_run,L2,102008,direct_baseline,500,0.220788,4.628e-05,0.00034,0.0
first_run,L2,102008,oracle_fullinfo,0,0.670516,0.00086602,0.44956,0.0
first_run,L2,102008,oracle_fullinfo,10,0.670516,0.00086601,0.44973,0.0
first_run,L2,102008,oracle_fullinfo,25,0.670516,0.00086601,0.44973,0.0
first_run,L2,102008,oracle_fullinfo,50,0.669497,0.00083651,0.44871,0.0
first_run,L2,102008,oracle_fullinfo,100,0.66661,0.00079997,0.44582,0.0
first_run,L2,102008,oracle_fullinfo,150,0.663383,0.00077307,0.4426,0.0
first_run,L2,102008,oracle_fullinfo,200,0.658458,0.00074556,0.43767,0.0
first_run,L2,102008,oracle_fullinfo,300,0.649966,0.00071068,0.42918,0.0
first_run,L2,102008,oracle_fullinfo,500,0.5107,0.00035093,0.28991,0.0
first_run,L2,102008,threshold_p_0.05,,0.642493,0.0015569,0.78906,0.0
first_run,L2,102008,threshold_p_0.10,,0.642323,0.00155082,0.78753,0.0
first_run,L2,102008,threshold_p_0.15,,0.642493,0.00152162,0.78261,0.0
first_run,L2,102008,threshold_p_0.20,,0.641984,0.00150376,0.77819,0.0
first_run,L2,102008,threshold_p_0.25,,0.641474,0.00149077,0.77463,0.0
first_run,L2,102008,threshold_p_0.30,,0.639436,0.00142241,0.76342,0.0
first_run,L2,102008,threshold_p_0.35,,0.63587,0.00136994,0.75068,0.0
first_run,L2,102008,threshold_p_0.40,,0.630265,0.00130872,0.72894,0.0
first_run,L2,102008,threshold_p_0.50,,0.597486,0.00111969,0.63995,0.0
first_run,L2,102008,threshold_p_0.60,,0.491338,0.00075089,0.42171,0.0
first_run,L2,102008,threshold_p_0.70,,0.291101,0.00019862,0.0912,0.0
first_run,L2,102009,v1_frozen,,0.639436,0.00142241,0.76342,0.0
first_run,L2,102009,drl_pi,0,0.641984,0.00154436,0.78414,0.0
first_run,L2,102009,drl_pi,10,0.640795,0.0014827,0.77785,0.0
first_run,L2,102009,drl_pi,25,0.637908,0.0013944,0.76851,0.0
first_run,L2,102009,drl_pi,50,0.636889,0.00136348,0.76664,0.0
first_run,L2,102009,drl_pi,100,0.611923,0.00122663,0.72775,0.0
first_run,L2,102009,drl_pi,150,0.597656,0.00113429,0.69395,0.0
first_run,L2,102009,drl_pi,200,0.534137,0.00085265,0.59001,0.0
first_run,L2,102009,drl_pi,300,0.452106,0.0005057,0.44056,0.0
first_run,L2,102009,drl_pi,500,0.376868,0.00031565,0.30214,0.0
first_run,L2,102009,t_learner,0,0.640965,0.0033217,1.0,0.0
first_run,L2,102009,t_learner,10,0.641984,0.00186704,0.84494,0.0
first_run,L2,102009,t_learner,25,0.640965,0.0014574,0.78533,0.0
first_run,L2,102009,t_learner,50,0.636039,0.00130774,0.76529,0.0
first_run,L2,102009,t_learner,100,0.629755,0.00122055,0.74762,0.0
first_run,L2,102009,t_learner,150,0.621264,0.00114313,0.72537,0.0
first_run,L2,102009,t_learner,200,0.590693,0.00097143,0.66287,0.0
first_run,L2,102009,t_learner,300,0.484035,0.00053165,0.47894,0.0
first_run,L2,102009,t_learner,500,0.384341,0.00029557,0.29637,0.0
first_run,L2,102009,direct_baseline,0,0.640965,0.00329386,0.99219,0.0
first_run,L2,102009,direct_baseline,10,0.639946,0.0032437,0.99032,0.0
first_run,L2,102009,direct_baseline,25,0.63502,0.00288887,0.96128,0.0
first_run,L2,102009,direct_baseline,50,0.629076,0.00135311,0.77395,0.0
first_run,L2,102009,direct_baseline,100,0.540082,0.00077723,0.59188,0.0
first_run,L2,102009,direct_baseline,150,0.474694,0.00051389,0.47045,0.0
first_run,L2,102009,direct_baseline,200,0.425272,0.0003885,0.37568,0.0
first_run,L2,102009,direct_baseline,300,0.28142,0.00012466,0.11566,0.0
first_run,L2,102009,direct_baseline,500,0.220958,4.62e-05,0.00017,0.0
first_run,L2,102009,oracle_fullinfo,0,0.670516,0.00086602,0.44956,0.0
first_run,L2,102009,oracle_fullinfo,10,0.670516,0.00086601,0.44973,0.0
first_run,L2,102009,oracle_fullinfo,25,0.670516,0.00086601,0.44973,0.0
first_run,L2,102009,oracle_fullinfo,50,0.669497,0.00083651,0.44871,0.0
first_run,L2,102009,oracle_fullinfo,100,0.66661,0.00079997,0.44582,0.0
first_run,L2,102009,oracle_fullinfo,150,0.663383,0.00077307,0.4426,0.0
first_run,L2,102009,oracle_fullinfo,200,0.658458,0.00074556,0.43767,0.0
first_run,L2,102009,oracle_fullinfo,300,0.649966,0.00071068,0.42918,0.0
first_run,L2,102009,oracle_fullinfo,500,0.5107,0.00035093,0.28991,0.0
first_run,L2,102009,threshold_p_0.05,,0.642493,0.0015569,0.78906,0.0
first_run,L2,102009,threshold_p_0.10,,0.642323,0.00155082,0.78753,0.0
first_run,L2,102009,threshold_p_0.15,,0.642493,0.00152162,0.78261,0.0
first_run,L2,102009,threshold_p_0.20,,0.641984,0.00150376,0.77819,0.0
first_run,L2,102009,threshold_p_0.25,,0.641474,0.00149077,0.77463,0.0
first_run,L2,102009,threshold_p_0.30,,0.639436,0.00142241,0.76342,0.0
first_run,L2,102009,threshold_p_0.35,,0.63587,0.00136994,0.75068,0.0
first_run,L2,102009,threshold_p_0.40,,0.630265,0.00130872,0.72894,0.0
first_run,L2,102009,threshold_p_0.50,,0.597486,0.00111969,0.63995,0.0
first_run,L2,102009,threshold_p_0.60,,0.491338,0.00075089,0.42171,0.0
first_run,L2,102009,threshold_p_0.70,,0.291101,0.00019862,0.0912,0.0
first_run,L3,102000,v1_frozen,,0.639436,0.00142241,0.76342,0.0
first_run,L3,102000,drl_pi,0,0.641644,0.00154557,0.78499,0.0
first_run,L3,102000,drl_pi,10,0.640795,0.00151049,0.78074,0.0
first_run,L3,102000,drl_pi,25,0.637568,0.00140897,0.76885,0.0
first_run,L3,102000,drl_pi,50,0.636209,0.00136018,0.76393,0.0
first_run,L3,102000,drl_pi,100,0.631624,0.00126752,0.75204,0.0
first_run,L3,102000,drl_pi,150,0.60428,0.0011585,0.70771,0.0
first_run,L3,102000,drl_pi,200,0.567425,0.00098157,0.64249,0.0
first_run,L3,102000,drl_pi,300,0.452785,0.00050604,0.44141,0.0
first_run,L3,102000,drl_pi,500,0.382133,0.00032071,0.30656,0.0
first_run,L3,102000,t_learner,0,0.640965,0.0033217,1.0,0.0
first_run,L3,102000,t_learner,10,0.640795,0.0032487,0.99541,0.0
first_run,L3,102000,t_learner,25,0.640795,0.00157429,0.80605,0.0
first_run,L3,102000,t_learner,50,0.637058,0.0013471,0.77276,0.0
first_run,L3,102000,t_learner,100,0.630605,0.00123293,0.75119,0.0
first_run,L3,102000,t_learner,150,0.623471,0.00115869,0.73081,0.0
first_run,L3,102000,t_learner,200,0.601732,0.00102929,0.68546,0.0
first_run,L3,102000,t_learner,300,0.486923,0.00054567,0.48743,0.0
first_run,L3,102000,t_learner,500,0.399966,0.00032665,0.32507,0.0
first_run,L3,102000,direct_baseline,0,0.640965,0.00329386,0.99219,0.0
first_run,L3,102000,direct_baseline,10,0.639946,0.0032494,0.99066,0.0
first_run,L3,102000,direct_baseline,25,0.636039,0.00289988,0.96298,0.0
first_run,L3,102000,direct_baseline,50,0.631624,0.00136861,0.77768,0.0
first_run,L3,102000,direct_baseline,100,0.590014,0.00098901,0.67289,0.0
first_run,L3,102000,direct_baseline,150,0.484035,0.00054302,0.48828,0.0
first_run,L3,102000,direct_baseline,200,0.455163,0.00045478,0.42986,0.0
first_run,L3,102000,direct_baseline,300,0.324728,0.00019543,0.19973,0.0
first_run,L3,102000,direct_baseline,500,0.225543,5.157e-05,0.01104,0.0
first_run,L3,102000,oracle_fullinfo,0,0.670516,0.00086602,0.44956,0.0
first_run,L3,102000,oracle_fullinfo,10,0.670516,0.00086601,0.44973,0.0
first_run,L3,102000,oracle_fullinfo,25,0.670516,0.00086601,0.44973,0.0
first_run,L3,102000,oracle_fullinfo,50,0.669497,0.00083651,0.44871,0.0
first_run,L3,102000,oracle_fullinfo,100,0.66661,0.00079997,0.44582,0.0
first_run,L3,102000,oracle_fullinfo,150,0.663383,0.00077307,0.4426,0.0
first_run,L3,102000,oracle_fullinfo,200,0.658458,0.00074556,0.43767,0.0
first_run,L3,102000,oracle_fullinfo,300,0.649966,0.00071068,0.42918,0.0
first_run,L3,102000,oracle_fullinfo,500,0.5107,0.00035093,0.28991,0.0
first_run,L3,102000,threshold_p_0.05,,0.642493,0.0015569,0.78906,0.0
first_run,L3,102000,threshold_p_0.10,,0.642323,0.00155082,0.78753,0.0
first_run,L3,102000,threshold_p_0.15,,0.642493,0.00152162,0.78261,0.0
first_run,L3,102000,threshold_p_0.20,,0.641984,0.00150376,0.77819,0.0
first_run,L3,102000,threshold_p_0.25,,0.641474,0.00149077,0.77463,0.0
first_run,L3,102000,threshold_p_0.30,,0.639436,0.00142241,0.76342,0.0
first_run,L3,102000,threshold_p_0.35,,0.63587,0.00136994,0.75068,0.0
first_run,L3,102000,threshold_p_0.40,,0.630265,0.00130872,0.72894,0.0
first_run,L3,102000,threshold_p_0.50,,0.597486,0.00111969,0.63995,0.0
first_run,L3,102000,threshold_p_0.60,,0.491338,0.00075089,0.42171,0.0
first_run,L3,102000,threshold_p_0.70,,0.291101,0.00019862,0.0912,0.0
first_run,L3,102001,v1_frozen,,0.639436,0.00142241,0.76342,0.0
first_run,L3,102001,drl_pi,0,0.640795,0.00156675,0.78906,0.0
first_run,L3,102001,drl_pi,10,0.640285,0.00153415,0.78278,0.0
first_run,L3,102001,drl_pi,25,0.637228,0.00142105,0.77038,0.0
first_run,L3,102001,drl_pi,50,0.623132,0.00134527,0.74762,0.0
first_run,L3,102001,drl_pi,100,0.610564,0.00123244,0.72588,0.0
first_run,L3,102001,drl_pi,150,0.602072,0.00115864,0.70618,0.0
first_run,L3,102001,drl_pi,200,0.555367,0.00093012,0.6233,0.0
first_run,L3,102001,drl_pi,300,0.444973,0.00049162,0.42935,0.0
first_run,L3,102001,drl_pi,500,0.380774,0.00031878,0.30605,0.0
first_run,L3,102001,t_learner,0,0.640965,0.0033217,1.0,0.0
first_run,L3,102001,t_learner,10,0.640795,0.0032114,0.9927,0.0
first_run,L3,102001,t_learner,25,0.640965,0.00154106,0.8001,0.0
first_run,L3,102001,t_learner,50,0.637058,0.00133741,0.77106,0.0
first_run,L3,102001,t_learner,100,0.630435,0.00122913,0.75017,0.0
first_run,L3,102001,t_learner,150,0.622962,0.00115252,0.72877,0.0
first_run,L3,102001,t_learner,200,0.596298,0.00100406,0.67629,0.0
first_run,L3,102001,t_learner,300,0.485564,0.00053738,0.48302,0.0
first_run,L3,102001,t_learner,500,0.389266,0.00030566,0.30707,0.0
first_run,L3,102001,direct_baseline,0,0.640965,0.00329386,0.99219,0.0
first_run,L3,102001,direct_baseline,10,0.640115,0.00325434,0.99083,0.0
first_run,L3,102001,direct_baseline,25,0.63587,0.00290226,0.96332,0.0
first_run,L3,102001,direct_baseline,50,0.632133,0.00137435,0.7787,0.0
first_run,L3,102001,direct_baseline,100,0.585938,0.00096795,0.66525,0.0
first_run,L3,102001,direct_baseline,150,0.484885,0.00054248,0.48794,0.0
first_run,L3,102001,direct_baseline,200,0.454654,0.00045504,0.42986,0.0
first_run,L3,102001,direct_baseline,300,0.322181,0.00018814,0.19158,0.0
first_run,L3,102001,direct_baseline,500,0.223336,4.903e-05,0.00594,0.0
first_run,L3,102001,oracle_fullinfo,0,0.670516,0.00086602,0.44956,0.0
first_run,L3,102001,oracle_fullinfo,10,0.670516,0.00086601,0.44973,0.0
first_run,L3,102001,oracle_fullinfo,25,0.670516,0.00086601,0.44973,0.0
first_run,L3,102001,oracle_fullinfo,50,0.669497,0.00083651,0.44871,0.0
first_run,L3,102001,oracle_fullinfo,100,0.66661,0.00079997,0.44582,0.0
first_run,L3,102001,oracle_fullinfo,150,0.663383,0.00077307,0.4426,0.0
first_run,L3,102001,oracle_fullinfo,200,0.658458,0.00074556,0.43767,0.0
first_run,L3,102001,oracle_fullinfo,300,0.649966,0.00071068,0.42918,0.0
first_run,L3,102001,oracle_fullinfo,500,0.5107,0.00035093,0.28991,0.0
first_run,L3,102001,threshold_p_0.05,,0.642493,0.0015569,0.78906,0.0
first_run,L3,102001,threshold_p_0.10,,0.642323,0.00155082,0.78753,0.0
first_run,L3,102001,threshold_p_0.15,,0.642493,0.00152162,0.78261,0.0
first_run,L3,102001,threshold_p_0.20,,0.641984,0.00150376,0.77819,0.0
first_run,L3,102001,threshold_p_0.25,,0.641474,0.00149077,0.77463,0.0
first_run,L3,102001,threshold_p_0.30,,0.639436,0.00142241,0.76342,0.0
first_run,L3,102001,threshold_p_0.35,,0.63587,0.00136994,0.75068,0.0
first_run,L3,102001,threshold_p_0.40,,0.630265,0.00130872,0.72894,0.0
first_run,L3,102001,threshold_p_0.50,,0.597486,0.00111969,0.63995,0.0
first_run,L3,102001,threshold_p_0.60,,0.491338,0.00075089,0.42171,0.0
first_run,L3,102001,threshold_p_0.70,,0.291101,0.00019862,0.0912,0.0
first_run,L3,102002,v1_frozen,,0.639436,0.00142241,0.76342,0.0
first_run,L3,102002,drl_pi,0,0.642493,0.00155425,0.79195,0.0
first_run,L3,102002,drl_pi,10,0.641644,0.00153526,0.78974,0.0
first_run,L3,102002,drl_pi,25,0.638247,0.00142296,0.7748,0.0
first_run,L3,102002,drl_pi,50,0.636379,0.00136141,0.76664,0.0
first_run,L3,102002,drl_pi,100,0.632303,0.00127104,0.75611,0.0
first_run,L3,102002,drl_pi,150,0.606318,0.00117512,0.71671,0.0
first_run,L3,102002,drl_pi,200,0.55197,0.00093383,0.62551,0.0
first_run,L3,102002,drl_pi,300,0.44837,0.0005059,0.44141,0.0
first_run,L3,102002,drl_pi,500,0.379755,0.00032251,0.30774,0.0
first_run,L3,102002,t_learner,0,0.640965,0.0033217,1.0,0.0
first_run,L3,102002,t_learner,10,0.640795,0.0032487,0.99541,0.0
first_run,L3,102002,t_learner,25,0.640795,0.00158007,0.80707,0.0
first_run,L3,102002,t_learner,50,0.637228,0.00134444,0.77242,0.0
first_run,L3,102002,t_learner,100,0.630605,0.00123127,0.75085,0.0
first_run,L3,102002,t_learner,150,0.623132,0.00115356,0.72911,0.0
first_run,L3,102002,t_learner,200,0.597317,0.00100765,0.67765,0.0
first_run,L3,102002,t_learner,300,0.485904,0.00053858,0.48387,0.0
first_run,L3,102002,t_learner,500,0.389776,0.00030719,0.30859,0.0
first_run,L3,102002,direct_baseline,0,0.640965,0.0032933,0.99168,0.0
first_run,L3,102002,direct_baseline,10,0.640115,0.00325193,0.99032,0.0
first_run,L3,102002,direct_baseline,25,0.636549,0.00290711,0.96349,0.0
first_run,L3,102002,direct_baseline,50,0.631963,0.00137168,0.77785,0.0
first_run,L3,102002,direct_baseline,100,0.588655,0.0009775,0.66865,0.0
first_run,L3,102002,direct_baseline,150,0.484715,0.00054372,0.48879,0.0
first_run,L3,102002,direct_baseline,200,0.456182,0.00045652,0.43105,0.0
first_run,L3,102002,direct_baseline,300,0.323539,0.00019001,0.19412,0.0
first_run,L3,102002,direct_baseline,500,0.225543,5.081e-05,0.00951,0.0
first_run,L3,102002,oracle_fullinfo,0,0.670516,0.00086602,0.44956,0.0
first_run,L3,102002,oracle_fullinfo,10,0.670516,0.00086601,0.44973,0.0
first_run,L3,102002,oracle_fullinfo,25,0.670516,0.00086601,0.44973,0.0
first_run,L3,102002,oracle_fullinfo,50,0.669497,0.00083651,0.44871,0.0
first_run,L3,102002,oracle_fullinfo,100,0.66661,0.00079997,0.44582,0.0
first_run,L3,102002,oracle_fullinfo,150,0.663383,0.00077307,0.4426,0.0
first_run,L3,102002,oracle_fullinfo,200,0.658458,0.00074556,0.43767,0.0
first_run,L3,102002,oracle_fullinfo,300,0.649966,0.00071068,0.42918,0.0
first_run,L3,102002,oracle_fullinfo,500,0.5107,0.00035093,0.28991,0.0
first_run,L3,102002,threshold_p_0.05,,0.642493,0.0015569,0.78906,0.0
first_run,L3,102002,threshold_p_0.10,,0.642323,0.00155082,0.78753,0.0
first_run,L3,102002,threshold_p_0.15,,0.642493,0.00152162,0.78261,0.0
first_run,L3,102002,threshold_p_0.20,,0.641984,0.00150376,0.77819,0.0
first_run,L3,102002,threshold_p_0.25,,0.641474,0.00149077,0.77463,0.0
first_run,L3,102002,threshold_p_0.30,,0.639436,0.00142241,0.76342,0.0
first_run,L3,102002,threshold_p_0.35,,0.63587,0.00136994,0.75068,0.0
first_run,L3,102002,threshold_p_0.40,,0.630265,0.00130872,0.72894,0.0
first_run,L3,102002,threshold_p_0.50,,0.597486,0.00111969,0.63995,0.0
first_run,L3,102002,threshold_p_0.60,,0.491338,0.00075089,0.42171,0.0
first_run,L3,102002,threshold_p_0.70,,0.291101,0.00019862,0.0912,0.0
first_run,L3,102003,v1_frozen,,0.639436,0.00142241,0.76342,0.0
first_run,L3,102003,drl_pi,0,0.641814,0.00155938,0.78906,0.0
first_run,L3,102003,drl_pi,10,0.640965,0.00150343,0.7821,0.0
first_run,L3,102003,drl_pi,25,0.638587,0.00140517,0.77055,0.0
first_run,L3,102003,drl_pi,50,0.636209,0.00135117,0.76291,0.0
first_run,L3,102003,drl_pi,100,0.611243,0.00121636,0.72266,0.0
first_run,L3,102003,drl_pi,150,0.600204,0.00113417,0.69854,0.0
first_run,L3,102003,drl_pi,200,0.540251,0.00087525,0.6019,0.0
first_run,L3,102003,drl_pi,300,0.451766,0.00051661,0.44327,0.0
first_run,L3,102003,drl_pi,500,0.375679,0.00031588,0.30197,0.0
first_run,L3,102003,t_learner,0,0.640965,0.0033217,1.0,0.0
first_run,L3,102003,t_learner,10,0.640795,0.00313621,0.98675,0.0
first_run,L3,102003,t_learner,25,0.640965,0.00150916,0.7945,0.0
first_run,L3,102003,t_learner,50,0.637228,0.00133428,0.77004,0.0
first_run,L3,102003,t_learner,100,0.630265,0.00122798,0.74983,0.0
first_run,L3,102003,t_learner,150,0.623132,0.00115247,0.7286,0.0
first_run,L3,102003,t_learner,200,0.597486,0.00100807,0.67765,0.0
first_run,L3,102003,t_learner,300,0.485564,0.0005376,0.48285,0.0
first_run,L3,102003,t_learner,500,0.392833,0.00031141,0.31165,0.0
first_run,L3,102003,direct_baseline,0,0.640965,0.00329386,0.99219,0.0
first_run,L3,102003,direct_baseline,10,0.640115,0.00325434,0.99083,0.0
first_run,L3,102003,direct_baseline,25,0.636039,0.0029037,0.96332,0.0
first_run,L3,102003,direct_baseline,50,0.631624,0.00136557,0.77666,0.0
first_run,L3,102003,direct_baseline,100,0.589844,0.00098444,0.67103,0.0
first_run,L3,102003,direct_baseline,150,0.484035,0.00053819,0.48539,0.0
first_run,L3,102003,direct_baseline,200,0.453465,0.00045235,0.42782,0.0
first_run,L3,102003,direct_baseline,300,0.322181,0.00018774,0.1909,0.0
first_run,L3,102003,direct_baseline,500,0.226732,5.285e-05,0.01342,0.0
first_run,L3,102003,oracle_fullinfo,0,0.670516,0.00086602,0.44956,0.0
first_run,L3,102003,oracle_fullinfo,10,0.670516,0.00086601,0.44973,0.0
first_run,L3,102003,oracle_fullinfo,25,0.670516,0.00086601,0.44973,0.0
first_run,L3,102003,oracle_fullinfo,50,0.669497,0.00083651,0.44871,0.0
first_run,L3,102003,oracle_fullinfo,100,0.66661,0.00079997,0.44582,0.0
first_run,L3,102003,oracle_fullinfo,150,0.663383,0.00077307,0.4426,0.0
first_run,L3,102003,oracle_fullinfo,200,0.658458,0.00074556,0.43767,0.0
first_run,L3,102003,oracle_fullinfo,300,0.649966,0.00071068,0.42918,0.0
first_run,L3,102003,oracle_fullinfo,500,0.5107,0.00035093,0.28991,0.0
first_run,L3,102003,threshold_p_0.05,,0.642493,0.0015569,0.78906,0.0
first_run,L3,102003,threshold_p_0.10,,0.642323,0.00155082,0.78753,0.0
first_run,L3,102003,threshold_p_0.15,,0.642493,0.00152162,0.78261,0.0
first_run,L3,102003,threshold_p_0.20,,0.641984,0.00150376,0.77819,0.0
first_run,L3,102003,threshold_p_0.25,,0.641474,0.00149077,0.77463,0.0
first_run,L3,102003,threshold_p_0.30,,0.639436,0.00142241,0.76342,0.0
first_run,L3,102003,threshold_p_0.35,,0.63587,0.00136994,0.75068,0.0
first_run,L3,102003,threshold_p_0.40,,0.630265,0.00130872,0.72894,0.0
first_run,L3,102003,threshold_p_0.50,,0.597486,0.00111969,0.63995,0.0
first_run,L3,102003,threshold_p_0.60,,0.491338,0.00075089,0.42171,0.0
first_run,L3,102003,threshold_p_0.70,,0.291101,0.00019862,0.0912,0.0
first_run,L3,102004,v1_frozen,,0.639436,0.00142241,0.76342,0.0
first_run,L3,102004,drl_pi,0,0.641814,0.0015728,0.79246,0.0
first_run,L3,102004,drl_pi,10,0.641135,0.00151478,0.78431,0.0
first_run,L3,102004,drl_pi,25,0.640115,0.00143232,0.77531,0.0
first_run,L3,102004,drl_pi,50,0.636209,0.00134936,0.76461,0.0
first_run,L3,102004,drl_pi,100,0.612262,0.00122391,0.7286,0.0
first_run,L3,102004,drl_pi,150,0.60445,0.00115486,0.71094,0.0
first_run,L3,102004,drl_pi,200,0.576257,0.0010131,0.65931,0.0
first_run,L3,102004,drl_pi,300,0.444633,0.00049924,0.43478,0.0
first_run,L3,102004,drl_pi,500,0.383492,0.00033756,0.31827,0.0
first_run,L3,102004,t_learner,0,0.640965,0.0033217,1.0,0.0
first_run,L3,102004,t_learner,10,0.640795,0.00322979,0.99406,0.0
first_run,L3,102004,t_learner,25,0.640795,0.00155529,0.80265,0.0
first_run,L3,102004,t_learner,50,0.637058,0.00134471,0.77208,0.0
first_run,L3,102004,t_learner,100,0.630774,0.00123375,0.75136,0.0
first_run,L3,102004,t_learner,150,0.623641,0.00115985,0.73115,0.0
first_run,L3,102004,t_learner,200,0.60428,0.00104039,0.68937,0.0
first_run,L3,102004,t_learner,300,0.487602,0.00054752,0.48845,0.0
first_run,L3,102004,t_learner,500,0.405061,0.0003361,0.33305,0.0
first_run,L3,102004,direct_baseline,0,0.640965,0.00329386,0.99219,0.0
first_run,L3,102004,direct_baseline,10,0.640115,0.00325434,0.99083,0.0
first_run,L3,102004,direct_baseline,25,0.636209,0.00290309,0.96332,0.0
first_run,L3,102004,direct_baseline,50,0.632303,0.00137335,0.77853,0.0
first_run,L3,102004,direct_baseline,100,0.587636,0.00097711,0.66865,0.0
first_run,L3,102004,direct_baseline,150,0.484885,0.0005427,0.48811,0.0
first_run,L3,102004,direct_baseline,200,0.455673,0.00045799,0.43224,0.0
first_run,L3,102004,direct_baseline,300,0.325408,0.00019144,0.19548,0.0
first_run,L3,102004,direct_baseline,500,0.225713,5.151e-05,0.01087,0.0
first_run,L3,102004,oracle_fullinfo,0,0.670516,0.00086602,0.44956,0.0
first_run,L3,102004,oracle_fullinfo,10,0.670516,0.00086601,0.44973,0.0
first_run,L3,102004,oracle_fullinfo,25,0.670516,0.00086601,0.44973,0.0
first_run,L3,102004,oracle_fullinfo,50,0.669497,0.00083651,0.44871,0.0
first_run,L3,102004,oracle_fullinfo,100,0.66661,0.00079997,0.44582,0.0
first_run,L3,102004,oracle_fullinfo,150,0.663383,0.00077307,0.4426,0.0
first_run,L3,102004,oracle_fullinfo,200,0.658458,0.00074556,0.43767,0.0
first_run,L3,102004,oracle_fullinfo,300,0.649966,0.00071068,0.42918,0.0
first_run,L3,102004,oracle_fullinfo,500,0.5107,0.00035093,0.28991,0.0
first_run,L3,102004,threshold_p_0.05,,0.642493,0.0015569,0.78906,0.0
first_run,L3,102004,threshold_p_0.10,,0.642323,0.00155082,0.78753,0.0
first_run,L3,102004,threshold_p_0.15,,0.642493,0.00152162,0.78261,0.0
first_run,L3,102004,threshold_p_0.20,,0.641984,0.00150376,0.77819,0.0
first_run,L3,102004,threshold_p_0.25,,0.641474,0.00149077,0.77463,0.0
first_run,L3,102004,threshold_p_0.30,,0.639436,0.00142241,0.76342,0.0
first_run,L3,102004,threshold_p_0.35,,0.63587,0.00136994,0.75068,0.0
first_run,L3,102004,threshold_p_0.40,,0.630265,0.00130872,0.72894,0.0
first_run,L3,102004,threshold_p_0.50,,0.597486,0.00111969,0.63995,0.0
first_run,L3,102004,threshold_p_0.60,,0.491338,0.00075089,0.42171,0.0
first_run,L3,102004,threshold_p_0.70,,0.291101,0.00019862,0.0912,0.0
first_run,L3,102005,v1_frozen,,0.639436,0.00142241,0.76342,0.0
first_run,L3,102005,drl_pi,0,0.641984,0.00156716,0.78974,0.0
first_run,L3,102005,drl_pi,10,0.641135,0.00149809,0.78023,0.0
first_run,L3,102005,drl_pi,25,0.639606,0.00141652,0.77055,0.0
first_run,L3,102005,drl_pi,50,0.636209,0.00135416,0.76359,0.0
first_run,L3,102005,drl_pi,100,0.610564,0.00121654,0.72147,0.0
first_run,L3,102005,drl_pi,150,0.601223,0.00113928,0.69871,0.0
first_run,L3,102005,drl_pi,200,0.560292,0.00095773,0.62704,0.0
first_run,L3,102005,drl_pi,300,0.456352,0.00051518,0.44548,0.0
first_run,L3,102005,drl_pi,500,0.38536,0.00033257,0.3159,0.0
first_run,L3,102005,t_learner,0,0.640965,0.0033217,1.0,0.0
first_run,L3,102005,t_learner,10,0.640795,0.00323683,0.99457,0.0
first_run,L3,102005,t_learner,25,0.640795,0.00155998,0.8035,0.0
first_run,L3,102005,t_learner,50,0.637058,0.00134599,0.77242,0.0
first_run,L3,102005,t_learner,100,0.630774,0.00123375,0.75136,0.0
first_run,L3,102005,t_learner,150,0.623641,0.0011593,0.73098,0.0
first_run,L3,102005,t_learner,200,0.603601,0.001038,0.68852,0.0
first_run,L3,102005,t_learner,300,0.487262,0.00054695,0.48811,0.0
first_run,L3,102005,t_learner,500,0.404721,0.00033504,0.3322,0.0
first_run,L3,102005,direct_baseline,0,0.640965,0.00329386,0.99219,0.0
first_run,L3,102005,direct_baseline,10,0.640115,0.00325434,0.99083,0.0
first_run,L3,102005,direct_baseline,25,0.63587,0.00289919,0.96298,0.0
first_run,L3,102005,direct_baseline,50,0.631793,0.00136719,0.777,0.0
first_run,L3,102005,direct_baseline,100,0.591372,0.00099215,0.67391,0.0
first_run,L3,102005,direct_baseline,150,0.484885,0.00054397,0.48896,0.0
first_run,L3,102005,direct_baseline,200,0.453465,0.00045212,0.42799,0.0
first_run,L3,102005,direct_baseline,300,0.323539,0.00019146,0.19548,0.0
first_run,L3,102005,direct_baseline,500,0.223336,4.903e-05,0.00594,0.0
first_run,L3,102005,oracle_fullinfo,0,0.670516,0.00086602,0.44956,0.0
first_run,L3,102005,oracle_fullinfo,10,0.670516,0.00086601,0.44973,0.0
first_run,L3,102005,oracle_fullinfo,25,0.670516,0.00086601,0.44973,0.0
first_run,L3,102005,oracle_fullinfo,50,0.669497,0.00083651,0.44871,0.0
first_run,L3,102005,oracle_fullinfo,100,0.66661,0.00079997,0.44582,0.0
first_run,L3,102005,oracle_fullinfo,150,0.663383,0.00077307,0.4426,0.0
first_run,L3,102005,oracle_fullinfo,200,0.658458,0.00074556,0.43767,0.0
first_run,L3,102005,oracle_fullinfo,300,0.649966,0.00071068,0.42918,0.0
first_run,L3,102005,oracle_fullinfo,500,0.5107,0.00035093,0.28991,0.0
first_run,L3,102005,threshold_p_0.05,,0.642493,0.0015569,0.78906,0.0
first_run,L3,102005,threshold_p_0.10,,0.642323,0.00155082,0.78753,0.0
first_run,L3,102005,threshold_p_0.15,,0.642493,0.00152162,0.78261,0.0
first_run,L3,102005,threshold_p_0.20,,0.641984,0.00150376,0.77819,0.0
first_run,L3,102005,threshold_p_0.25,,0.641474,0.00149077,0.77463,0.0
first_run,L3,102005,threshold_p_0.30,,0.639436,0.00142241,0.76342,0.0
first_run,L3,102005,threshold_p_0.35,,0.63587,0.00136994,0.75068,0.0
first_run,L3,102005,threshold_p_0.40,,0.630265,0.00130872,0.72894,0.0
first_run,L3,102005,threshold_p_0.50,,0.597486,0.00111969,0.63995,0.0
first_run,L3,102005,threshold_p_0.60,,0.491338,0.00075089,0.42171,0.0
first_run,L3,102005,threshold_p_0.70,,0.291101,0.00019862,0.0912,0.0
first_run,L3,102006,v1_frozen,,0.639436,0.00142241,0.76342,0.0
first_run,L3,102006,drl_pi,0,0.641984,0.00157168,0.79433,0.0
first_run,L3,102006,drl_pi,10,0.638927,0.00149188,0.78346,0.0
first_run,L3,102006,drl_pi,25,0.637738,0.00140726,0.77259,0.0
first_run,L3,102006,drl_pi,50,0.636549,0.00136121,0.76664,0.0
first_run,L3,102006,drl_pi,100,0.61464,0.00124053,0.73217,0.0
first_run,L3,102006,drl_pi,150,0.605129,0.00116812,0.71247,0.0
first_run,L3,102006,drl_pi,200,0.569293,0.00098536,0.64572,0.0
first_run,L3,102006,drl_pi,300,0.449219,0.00051203,0.44141,0.0
first_run,L3,102006,drl_pi,500,0.370924,0.00031806,0.2962,0.0
first_run,L3,102006,t_learner,0,0.640965,0.0033217,1.0,0.0
first_run,L3,102006,t_learner,10,0.640795,0.00326339,0.99643,0.0
first_run,L3,102006,t_learner,25,0.640795,0.00159801,0.80995,0.0
first_run,L3,102006,t_learner,50,0.637058,0.00134824,0.7731,0.0
first_run,L3,102006,t_learner,100,0.630605,0.00123293,0.75119,0.0
first_run,L3,102006,t_learner,150,0.623471,0.00115813,0.73064,0.0
first_run,L3,102006,t_learner,200,0.601053,0.00102394,0.68359,0.0
first_run,L3,102006,t_learner,300,0.486243,0.00054354,0.48641,0.0
first_run,L3,102006,t_learner,500,0.396399,0.0003197,0.31929,0.0
first_run,L3,102006,direct_baseline,0,0.640965,0.00329386,0.99219,0.0
first_run,L3,102006,direct_baseline,10,0.640115,0.00325434,0.99083,0.0
first_run,L3,102006,direct_baseline,25,0.636039,0.00290388,0.96349,0.0
first_run,L3,102006,direct_baseline,50,0.631963,0.00137002,0.77751,0.0
first_run,L3,102006,direct_baseline,100,0.588825,0.00098201,0.67035,0.0
first_run,L3,102006,direct_baseline,150,0.484205,0.00053981,0.48641,0.0
first_run,L3,102006,direct_baseline,200,0.456012,0.00045649,0.43088,0.0
first_run,L3,102006,direct_baseline,300,0.325068,0.0001944,0.1982,0.0
first_run,L3,102006,direct_baseline,500,0.222656,4.836e-05,0.00459,0.0
first_run,L3,102006,oracle_fullinfo,0,0.670516,0.00086602,0.44956,0.0
first_run,L3,102006,oracle_fullinfo,10,0.670516,0.00086601,0.44973,0.0
first_run,L3,102006,oracle_fullinfo,25,0.670516,0.00086601,0.44973,0.0
first_run,L3,102006,oracle_fullinfo,50,0.669497,0.00083651,0.44871,0.0
first_run,L3,102006,oracle_fullinfo,100,0.66661,0.00079997,0.44582,0.0
first_run,L3,102006,oracle_fullinfo,150,0.663383,0.00077307,0.4426,0.0
first_run,L3,102006,oracle_fullinfo,200,0.658458,0.00074556,0.43767,0.0
first_run,L3,102006,oracle_fullinfo,300,0.649966,0.00071068,0.42918,0.0
first_run,L3,102006,oracle_fullinfo,500,0.5107,0.00035093,0.28991,0.0
first_run,L3,102006,threshold_p_0.05,,0.642493,0.0015569,0.78906,0.0
first_run,L3,102006,threshold_p_0.10,,0.642323,0.00155082,0.78753,0.0
first_run,L3,102006,threshold_p_0.15,,0.642493,0.00152162,0.78261,0.0
first_run,L3,102006,threshold_p_0.20,,0.641984,0.00150376,0.77819,0.0
first_run,L3,102006,threshold_p_0.25,,0.641474,0.00149077,0.77463,0.0
first_run,L3,102006,threshold_p_0.30,,0.639436,0.00142241,0.76342,0.0
first_run,L3,102006,threshold_p_0.35,,0.63587,0.00136994,0.75068,0.0
first_run,L3,102006,threshold_p_0.40,,0.630265,0.00130872,0.72894,0.0
first_run,L3,102006,threshold_p_0.50,,0.597486,0.00111969,0.63995,0.0
first_run,L3,102006,threshold_p_0.60,,0.491338,0.00075089,0.42171,0.0
first_run,L3,102006,threshold_p_0.70,,0.291101,0.00019862,0.0912,0.0
first_run,L3,102007,v1_frozen,,0.639436,0.00142241,0.76342,0.0
first_run,L3,102007,drl_pi,0,0.641984,0.00155609,0.78753,0.0
first_run,L3,102007,drl_pi,10,0.638927,0.0014738,0.77734,0.0
first_run,L3,102007,drl_pi,25,0.638077,0.00142041,0.77242,0.0
first_run,L3,102007,drl_pi,50,0.636719,0.00136231,0.76647,0.0
first_run,L3,102007,drl_pi,100,0.616508,0.00123695,0.73387,0.0
first_run,L3,102007,drl_pi,150,0.601732,0.00114998,0.70584,0.0
first_run,L3,102007,drl_pi,200,0.549762,0.00092433,0.61753,0.0
first_run,L3,102007,drl_pi,300,0.454314,0.00052023,0.44599,0.0
first_run,L3,102007,drl_pi,500,0.38502,0.00034305,0.31929,0.0
first_run,L3,102007,t_learner,0,0.640965,0.0033217,1.0,0.0
first_run,L3,102007,t_learner,10,0.640795,0.0032487,0.99541,0.0
first_run,L3,102007,t_learner,25,0.640795,0.00157142,0.80554,0.0
first_run,L3,102007,t_learner,50,0.637228,0.00134563,0.77259,0.0
first_run,L3,102007,t_learner,100,0.630605,0.00123293,0.75119,0.0
first_run,L3,102007,t_learner,150,0.623471,0.00115695,0.7303,0.0
first_run,L3,102007,t_learner,200,0.600034,0.00102126,0.68257,0.0
first_run,L3,102007,t_learner,300,0.486073,0.00054152,0.48539,0.0
first_run,L3,102007,t_learner,500,0.39623,0.00031929,0.31895,0.0
first_run,L3,102007,direct_baseline,0,0.640965,0.00329386,0.99219,0.0
first_run,L3,102007,direct_baseline,10,0.640115,0.00325434,0.99083,0.0
first_run,L3,102007,direct_baseline,25,0.63587,0.00290061,0.96298,0.0
first_run,L3,102007,direct_baseline,50,0.630944,0.0013646,0.77632,0.0
first_run,L3,102007,direct_baseline,100,0.588655,0.00098173,0.67001,0.0
first_run,L3,102007,direct_baseline,150,0.484205,0.00054116,0.48709,0.0
first_run,L3,102007,direct_baseline,200,0.452276,0.00045079,0.4268,0.0
first_run,L3,102007,direct_baseline,300,0.32269,0.00018859,0.19226,0.0
first_run,L3,102007,direct_baseline,500,0.225374,5.072e-05,0.00934,0.0
first_run,L3,102007,oracle_fullinfo,0,0.670516,0.00086602,0.44956,0.0
first_run,L3,102007,oracle_fullinfo,10,0.670516,0.00086601,0.44973,0.0
first_run,L3,102007,oracle_fullinfo,25,0.670516,0.00086601,0.44973,0.0
first_run,L3,102007,oracle_fullinfo,50,0.669497,0.00083651,0.44871,0.0
first_run,L3,102007,oracle_fullinfo,100,0.66661,0.00079997,0.44582,0.0
first_run,L3,102007,oracle_fullinfo,150,0.663383,0.00077307,0.4426,0.0
first_run,L3,102007,oracle_fullinfo,200,0.658458,0.00074556,0.43767,0.0
first_run,L3,102007,oracle_fullinfo,300,0.649966,0.00071068,0.42918,0.0
first_run,L3,102007,oracle_fullinfo,500,0.5107,0.00035093,0.28991,0.0
first_run,L3,102007,threshold_p_0.05,,0.642493,0.0015569,0.78906,0.0
first_run,L3,102007,threshold_p_0.10,,0.642323,0.00155082,0.78753,0.0
first_run,L3,102007,threshold_p_0.15,,0.642493,0.00152162,0.78261,0.0
first_run,L3,102007,threshold_p_0.20,,0.641984,0.00150376,0.77819,0.0
first_run,L3,102007,threshold_p_0.25,,0.641474,0.00149077,0.77463,0.0
first_run,L3,102007,threshold_p_0.30,,0.639436,0.00142241,0.76342,0.0
first_run,L3,102007,threshold_p_0.35,,0.63587,0.00136994,0.75068,0.0
first_run,L3,102007,threshold_p_0.40,,0.630265,0.00130872,0.72894,0.0
first_run,L3,102007,threshold_p_0.50,,0.597486,0.00111969,0.63995,0.0
first_run,L3,102007,threshold_p_0.60,,0.491338,0.00075089,0.42171,0.0
first_run,L3,102007,threshold_p_0.70,,0.291101,0.00019862,0.0912,0.0
first_run,L3,102008,v1_frozen,,0.639436,0.00142241,0.76342,0.0
first_run,L3,102008,drl_pi,0,0.641644,0.00151376,0.77904,0.0
first_run,L3,102008,drl_pi,10,0.641304,0.00149986,0.77853,0.0
first_run,L3,102008,drl_pi,25,0.639776,0.00143631,0.77344,0.0
first_run,L3,102008,drl_pi,50,0.636549,0.0013605,0.76478,0.0
first_run,L3,102008,drl_pi,100,0.611753,0.00123454,0.7269,0.0
first_run,L3,102008,drl_pi,150,0.60411,0.00116469,0.70737,0.0
first_run,L3,102008,drl_pi,200,0.548234,0.0009145,0.61685,0.0
first_run,L3,102008,drl_pi,300,0.45822,0.00052973,0.45567,0.0
first_run,L3,102008,drl_pi,500,0.382303,0.00032675,0.31403,0.0
first_run,L3,102008,t_learner,0,0.640965,0.0033217,1.0,0.0
first_run,L3,102008,t_learner,10,0.640795,0.00318048,0.99032,0.0
first_run,L3,102008,t_learner,25,0.640965,0.00152701,0.79738,0.0
first_run,L3,102008,t_learner,50,0.637058,0.00134196,0.7714,0.0
first_run,L3,102008,t_learner,100,0.630435,0.00123146,0.75068,0.0
first_run,L3,102008,t_learner,150,0.623641,0.00115792,0.73047,0.0
first_run,L3,102008,t_learner,200,0.603091,0.00103421,0.68716,0.0
first_run,L3,102008,t_learner,300,0.487262,0.00054641,0.48777,0.0
first_run,L3,102008,t_learner,500,0.402853,0.00033183,0.32914,0.0
first_run,L3,102008,direct_baseline,0,0.640965,0.00329386,0.99219,0.0
first_run,L3,102008,direct_baseline,10,0.639946,0.0032494,0.99066,0.0
first_run,L3,102008,direct_baseline,25,0.636209,0.00290309,0.96332,0.0
first_run,L3,102008,direct_baseline,50,0.630944,0.00136764,0.77734,0.0
first_run,L3,102008,direct_baseline,100,0.592391,0.00099807,0.67612,0.0
first_run,L3,102008,direct_baseline,150,0.484715,0.00054389,0.48879,0.0
first_run,L3,102008,direct_baseline,200,0.455842,0.00045709,0.43156,0.0
first_run,L3,102008,direct_baseline,300,0.323709,0.00019068,0.19395,0.0
first_run,L3,102008,direct_baseline,500,0.225543,5.166e-05,0.01121,0.0
first_run,L3,102008,oracle_fullinfo,0,0.670516,0.00086602,0.44956,0.0
first_run,L3,102008,oracle_fullinfo,10,0.670516,0.00086601,0.44973,0.0
first_run,L3,102008,oracle_fullinfo,25,0.670516,0.00086601,0.44973,0.0
first_run,L3,102008,oracle_fullinfo,50,0.669497,0.00083651,0.44871,0.0
first_run,L3,102008,oracle_fullinfo,100,0.66661,0.00079997,0.44582,0.0
first_run,L3,102008,oracle_fullinfo,150,0.663383,0.00077307,0.4426,0.0
first_run,L3,102008,oracle_fullinfo,200,0.658458,0.00074556,0.43767,0.0
first_run,L3,102008,oracle_fullinfo,300,0.649966,0.00071068,0.42918,0.0
first_run,L3,102008,oracle_fullinfo,500,0.5107,0.00035093,0.28991,0.0
first_run,L3,102008,threshold_p_0.05,,0.642493,0.0015569,0.78906,0.0
first_run,L3,102008,threshold_p_0.10,,0.642323,0.00155082,0.78753,0.0
first_run,L3,102008,threshold_p_0.15,,0.642493,0.00152162,0.78261,0.0
first_run,L3,102008,threshold_p_0.20,,0.641984,0.00150376,0.77819,0.0
first_run,L3,102008,threshold_p_0.25,,0.641474,0.00149077,0.77463,0.0
first_run,L3,102008,threshold_p_0.30,,0.639436,0.00142241,0.76342,0.0
first_run,L3,102008,threshold_p_0.35,,0.63587,0.00136994,0.75068,0.0
first_run,L3,102008,threshold_p_0.40,,0.630265,0.00130872,0.72894,0.0
first_run,L3,102008,threshold_p_0.50,,0.597486,0.00111969,0.63995,0.0
first_run,L3,102008,threshold_p_0.60,,0.491338,0.00075089,0.42171,0.0
first_run,L3,102008,threshold_p_0.70,,0.291101,0.00019862,0.0912,0.0
first_run,L3,102009,v1_frozen,,0.639436,0.00142241,0.76342,0.0
first_run,L3,102009,drl_pi,0,0.641644,0.00154022,0.78244,0.0
first_run,L3,102009,drl_pi,10,0.640795,0.00152175,0.78006,0.0
first_run,L3,102009,drl_pi,25,0.636889,0.0013994,0.76596,0.0
first_run,L3,102009,drl_pi,50,0.634171,0.00134892,0.75883,0.0
first_run,L3,102009,drl_pi,100,0.607507,0.00120541,0.71739,0.0
first_run,L3,102009,drl_pi,150,0.591033,0.00111287,0.68359,0.0
first_run,L3,102009,drl_pi,200,0.52123,0.00081373,0.56997,0.0
first_run,L3,102009,drl_pi,300,0.444124,0.00049358,0.42884,0.0
first_run,L3,102009,drl_pi,500,0.370245,0.00031328,0.29501,0.0
first_run,L3,102009,t_learner,0,0.640965,0.0033217,1.0,0.0
first_run,L3,102009,t_learner,10,0.640795,0.00324632,0.99524,0.0
first_run,L3,102009,t_learner,25,0.640795,0.00156244,0.80418,0.0
first_run,L3,102009,t_learner,50,0.637058,0.00133658,0.77106,0.0
first_run,L3,102009,t_learner,100,0.629755,0.00122589,0.74949,0.0
first_run,L3,102009,t_learner,150,0.622283,0.00114963,0.72792,0.0
first_run,L3,102009,t_learner,200,0.591033,0.00097279,0.66474,0.0
first_run,L3,102009,t_learner,300,0.483696,0.0005322,0.4803,0.0
first_run,L3,102009,t_learner,500,0.379076,0.00028877,0.29195,0.0
first_run,L3,102009,direct_baseline,0,0.640965,0.00329386,0.99219,0.0
first_run,L3,102009,direct_baseline,10,0.640115,0.00325434,0.99083,0.0
first_run,L3,102009,direct_baseline,25,0.636039,0.00290201,0.96332,0.0
first_run,L3,102009,direct_baseline,50,0.631793,0.0013716,0.77785,0.0
first_run,L3,102009,direct_baseline,100,0.586787,0.00097249,0.66678,0.0
first_run,L3,102009,direct_baseline,150,0.483696,0.00054036,0.48675,0.0
first_run,L3,102009,direct_baseline,200,0.450747,0.00044963,0.42595,0.0
first_run,L3,102009,direct_baseline,300,0.317935,0.00018155,0.18376,0.0
first_run,L3,102009,direct_baseline,500,0.222996,4.87e-05,0.00526,0.0
first_run,L3,102009,oracle_fullinfo,0,0.670516,0.00086602,0.44956,0.0
first_run,L3,102009,oracle_fullinfo,10,0.670516,0.00086601,0.44973,0.0
first_run,L3,102009,oracle_fullinfo,25,0.670516,0.00086601,0.44973,0.0
first_run,L3,102009,oracle_fullinfo,50,0.669497,0.00083651,0.44871,0.0
first_run,L3,102009,oracle_fullinfo,100,0.66661,0.00079997,0.44582,0.0
first_run,L3,102009,oracle_fullinfo,150,0.663383,0.00077307,0.4426,0.0
first_run,L3,102009,oracle_fullinfo,200,0.658458,0.00074556,0.43767,0.0
first_run,L3,102009,oracle_fullinfo,300,0.649966,0.00071068,0.42918,0.0
first_run,L3,102009,oracle_fullinfo,500,0.5107,0.00035093,0.28991,0.0
first_run,L3,102009,threshold_p_0.05,,0.642493,0.0015569,0.78906,0.0
first_run,L3,102009,threshold_p_0.10,,0.642323,0.00155082,0.78753,0.0
first_run,L3,102009,threshold_p_0.15,,0.642493,0.00152162,0.78261,0.0
first_run,L3,102009,threshold_p_0.20,,0.641984,0.00150376,0.77819,0.0
first_run,L3,102009,threshold_p_0.25,,0.641474,0.00149077,0.77463,0.0
first_run,L3,102009,threshold_p_0.30,,0.639436,0.00142241,0.76342,0.0
first_run,L3,102009,threshold_p_0.35,,0.63587,0.00136994,0.75068,0.0
first_run,L3,102009,threshold_p_0.40,,0.630265,0.00130872,0.72894,0.0
first_run,L3,102009,threshold_p_0.50,,0.597486,0.00111969,0.63995,0.0
first_run,L3,102009,threshold_p_0.60,,0.491338,0.00075089,0.42171,0.0
first_run,L3,102009,threshold_p_0.70,,0.291101,0.00019862,0.0912,0.0
corrected_run,L1,102000,v1_frozen,,0.639436,0.00142241,0.76342,0.0
corrected_run,L1,102000,drl_pi,0,0.641814,0.00154041,0.78295,0.0
corrected_run,L1,102000,drl_pi,10,0.641474,0.00149272,0.77887,0.0
corrected_run,L1,102000,drl_pi,25,0.637908,0.00139588,0.76885,0.0
corrected_run,L1,102000,drl_pi,50,0.636719,0.00134962,0.76546,0.0
corrected_run,L1,102000,drl_pi,100,0.631454,0.00126371,0.75085,0.0
corrected_run,L1,102000,drl_pi,150,0.598336,0.00115683,0.69701,0.0
corrected_run,L1,102000,drl_pi,200,0.570652,0.00100602,0.64368,0.0
corrected_run,L1,102000,drl_pi,300,0.453635,0.00051485,0.44446,0.0
corrected_run,L1,102000,drl_pi,500,0.388757,0.00033621,0.32116,0.0
corrected_run,L1,102000,t_learner,0,0.642493,0.00157835,0.79501,0.0
corrected_run,L1,102000,t_learner,10,0.642493,0.00153875,0.7877,0.0
corrected_run,L1,102000,t_learner,25,0.640285,0.00142295,0.77836,0.0
corrected_run,L1,102000,t_learner,50,0.6357,0.00129515,0.76223,0.0
corrected_run,L1,102000,t_learner,100,0.629586,0.00121763,0.74626,0.0
corrected_run,L1,102000,t_learner,150,0.621433,0.00114324,0.72385,0.0
corrected_run,L1,102000,t_learner,200,0.599355,0.00101284,0.67612,0.0
corrected_run,L1,102000,t_learner,300,0.488281,0.00054494,0.48471,0.0
corrected_run,L1,102000,t_learner,500,0.40608,0.00033508,0.32829,0.0
corrected_run,L1,102000,direct_baseline,0,0.640965,0.00329386,0.99219,0.0
corrected_run,L1,102000,direct_baseline,10,0.639436,0.00322271,0.98879,0.0
corrected_run,L1,102000,direct_baseline,25,0.629925,0.00284936,0.95363,0.0
corrected_run,L1,102000,direct_baseline,50,0.620414,0.00128242,0.75357,0.0
corrected_run,L1,102000,direct_baseline,100,0.46909,0.00051909,0.4679,0.0
corrected_run,L1,102000,direct_baseline,150,0.388757,0.00032349,0.29127,0.0
corrected_run,L1,102000,direct_baseline,200,0.304857,0.00017439,0.13587,0.0
corrected_run,L1,102000,direct_baseline,300,0.227412,5.34e-05,0.01019,0.0
corrected_run,L1,102000,direct_baseline,500,0.220958,4.62e-05,0.00017,0.0
corrected_run,L1,102000,oracle_fullinfo,0,0.670516,0.00086602,0.44956,0.0
corrected_run,L1,102000,oracle_fullinfo,10,0.670516,0.00086601,0.44973,0.0
corrected_run,L1,102000,oracle_fullinfo,25,0.670516,0.00086601,0.44973,0.0
corrected_run,L1,102000,oracle_fullinfo,50,0.669497,0.00083651,0.44871,0.0
corrected_run,L1,102000,oracle_fullinfo,100,0.66661,0.00079997,0.44582,0.0
corrected_run,L1,102000,oracle_fullinfo,150,0.663383,0.00077307,0.4426,0.0
corrected_run,L1,102000,oracle_fullinfo,200,0.658458,0.00074556,0.43767,0.0
corrected_run,L1,102000,oracle_fullinfo,300,0.649966,0.00071068,0.42918,0.0
corrected_run,L1,102000,oracle_fullinfo,500,0.5107,0.00035093,0.28991,0.0
corrected_run,L1,102000,threshold_p_0.05,,0.642493,0.0015569,0.78906,0.0
corrected_run,L1,102000,threshold_p_0.10,,0.642323,0.00155082,0.78753,0.0
corrected_run,L1,102000,threshold_p_0.15,,0.642493,0.00152162,0.78261,0.0
corrected_run,L1,102000,threshold_p_0.20,,0.641984,0.00150376,0.77819,0.0
corrected_run,L1,102000,threshold_p_0.25,,0.641474,0.00149077,0.77463,0.0
corrected_run,L1,102000,threshold_p_0.30,,0.639436,0.00142241,0.76342,0.0
corrected_run,L1,102000,threshold_p_0.35,,0.63587,0.00136994,0.75068,0.0
corrected_run,L1,102000,threshold_p_0.40,,0.630265,0.00130872,0.72894,0.0
corrected_run,L1,102000,threshold_p_0.50,,0.597486,0.00111969,0.63995,0.0
corrected_run,L1,102000,threshold_p_0.60,,0.491338,0.00075089,0.42171,0.0
corrected_run,L1,102000,threshold_p_0.70,,0.291101,0.00019862,0.0912,0.0
corrected_run,L1,102001,v1_frozen,,0.639436,0.00142241,0.76342,0.0
corrected_run,L1,102001,drl_pi,0,0.638247,0.00144701,0.76919,0.0
corrected_run,L1,102001,drl_pi,10,0.638077,0.00144081,0.76902,0.0
corrected_run,L1,102001,drl_pi,25,0.637568,0.00139803,0.76681,0.0
corrected_run,L1,102001,drl_pi,50,0.636209,0.0013539,0.76376,0.0
corrected_run,L1,102001,drl_pi,100,0.631624,0.00126442,0.7517,0.0
corrected_run,L1,102001,drl_pi,150,0.603601,0.00115658,0.70771,0.0
corrected_run,L1,102001,drl_pi,200,0.570652,0.00098218,0.6447,0.0
corrected_run,L1,102001,drl_pi,300,0.453974,0.00051283,0.44429,0.0
corrected_run,L1,102001,drl_pi,500,0.389266,0.00033559,0.32133,0.0
corrected_run,L1,102001,t_learner,0,0.642493,0.00157126,0.79297,0.0
corrected_run,L1,102001,t_learner,10,0.642493,0.00153751,0.78753,0.0
corrected_run,L1,102001,t_learner,25,0.640285,0.00142141,0.77819,0.0
corrected_run,L1,102001,t_learner,50,0.63536,0.00129118,0.76138,0.0
corrected_run,L1,102001,t_learner,100,0.629586,0.00121671,0.74592,0.0
corrected_run,L1,102001,t_learner,150,0.621433,0.00114181,0.72334,0.0
corrected_run,L1,102001,t_learner,200,0.598845,0.00100784,0.67425,0.0
corrected_run,L1,102001,t_learner,300,0.488111,0.00054443,0.48438,0.0
corrected_run,L1,102001,t_learner,500,0.404042,0.00033212,0.32541,0.0
corrected_run,L1,102001,direct_baseline,0,0.640965,0.0032933,0.99168,0.0
corrected_run,L1,102001,direct_baseline,10,0.639436,0.00322215,0.98828,0.0
corrected_run,L1,102001,direct_baseline,25,0.630435,0.00284682,0.95312,0.0
corrected_run,L1,102001,direct_baseline,50,0.619395,0.00128062,0.75153,0.0
corrected_run,L1,102001,direct_baseline,100,0.466542,0.00051141,0.45788,0.0
corrected_run,L1,102001,direct_baseline,150,0.381114,0.0003144,0.28057,0.0
corrected_run,L1,102001,direct_baseline,200,0.293818,0.0001574,0.11685,0.0
corrected_run,L1,102001,direct_baseline,300,0.223845,4.94e-05,0.00476,0.0
corrected_run,L1,102001,direct_baseline,500,0.220958,4.62e-05,0.00017,0.0
corrected_run,L1,102001,oracle_fullinfo,0,0.670516,0.00086602,0.44956,0.0
corrected_run,L1,102001,oracle_fullinfo,10,0.670516,0.00086601,0.44973,0.0
corrected_run,L1,102001,oracle_fullinfo,25,0.670516,0.00086601,0.44973,0.0
corrected_run,L1,102001,oracle_fullinfo,50,0.669497,0.00083651,0.44871,0.0
corrected_run,L1,102001,oracle_fullinfo,100,0.66661,0.00079997,0.44582,0.0
corrected_run,L1,102001,oracle_fullinfo,150,0.663383,0.00077307,0.4426,0.0
corrected_run,L1,102001,oracle_fullinfo,200,0.658458,0.00074556,0.43767,0.0
corrected_run,L1,102001,oracle_fullinfo,300,0.649966,0.00071068,0.42918,0.0
corrected_run,L1,102001,oracle_fullinfo,500,0.5107,0.00035093,0.28991,0.0
corrected_run,L1,102001,threshold_p_0.05,,0.642493,0.0015569,0.78906,0.0
corrected_run,L1,102001,threshold_p_0.10,,0.642323,0.00155082,0.78753,0.0
corrected_run,L1,102001,threshold_p_0.15,,0.642493,0.00152162,0.78261,0.0
corrected_run,L1,102001,threshold_p_0.20,,0.641984,0.00150376,0.77819,0.0
corrected_run,L1,102001,threshold_p_0.25,,0.641474,0.00149077,0.77463,0.0
corrected_run,L1,102001,threshold_p_0.30,,0.639436,0.00142241,0.76342,0.0
corrected_run,L1,102001,threshold_p_0.35,,0.63587,0.00136994,0.75068,0.0
corrected_run,L1,102001,threshold_p_0.40,,0.630265,0.00130872,0.72894,0.0
corrected_run,L1,102001,threshold_p_0.50,,0.597486,0.00111969,0.63995,0.0
corrected_run,L1,102001,threshold_p_0.60,,0.491338,0.00075089,0.42171,0.0
corrected_run,L1,102001,threshold_p_0.70,,0.291101,0.00019862,0.0912,0.0
corrected_run,L1,102002,v1_frozen,,0.639436,0.00142241,0.76342,0.0
corrected_run,L1,102002,drl_pi,0,0.641984,0.00154261,0.78363,0.0
corrected_run,L1,102002,drl_pi,10,0.640625,0.00147408,0.77734,0.0
corrected_run,L1,102002,drl_pi,25,0.637908,0.00139557,0.76885,0.0
corrected_run,L1,102002,drl_pi,50,0.636719,0.00135444,0.76596,0.0
corrected_run,L1,102002,drl_pi,100,0.631454,0.00126599,0.75289,0.0
corrected_run,L1,102002,drl_pi,150,0.600543,0.00116258,0.70363,0.0
corrected_run,L1,102002,drl_pi,200,0.567086,0.00099197,0.64334,0.0
corrected_run,L1,102002,drl_pi,300,0.455842,0.00052549,0.45126,0.0
corrected_run,L1,102002,drl_pi,500,0.390285,0.00034162,0.32711,0.0
corrected_run,L1,102002,t_learner,0,0.642493,0.00157442,0.79382,0.0
corrected_run,L1,102002,t_learner,10,0.642493,0.00153875,0.7877,0.0
corrected_run,L1,102002,t_learner,25,0.640285,0.00142295,0.77836,0.0
corrected_run,L1,102002,t_learner,50,0.6357,0.00129515,0.76223,0.0
corrected_run,L1,102002,t_learner,100,0.629586,0.00121731,0.74609,0.0
corrected_run,L1,102002,t_learner,150,0.621433,0.00114285,0.72368,0.0
corrected_run,L1,102002,t_learner,200,0.600204,0.00101587,0.67714,0.0
corrected_run,L1,102002,t_learner,300,0.488281,0.00054602,0.48522,0.0
corrected_run,L1,102002,t_learner,500,0.407269,0.00033786,0.3305,0.0
corrected_run,L1,102002,direct_baseline,0,0.640965,0.00329386,0.99219,0.0
corrected_run,L1,102002,direct_baseline,10,0.639096,0.00321974,0.98811,0.0
corrected_run,L1,102002,direct_baseline,25,0.629416,0.00284335,0.9516,0.0
corrected_run,L1,102002,direct_baseline,50,0.619056,0.00127569,0.75034,0.0
corrected_run,L1,102002,direct_baseline,100,0.469599,0.00051989,0.46603,0.0
corrected_run,L1,102002,direct_baseline,150,0.391814,0.00033228,0.30214,0.0
corrected_run,L1,102002,direct_baseline,200,0.30163,0.00016836,0.12993,0.0
corrected_run,L1,102002,direct_baseline,300,0.227242,5.285e-05,0.00934,0.0
corrected_run,L1,102002,direct_baseline,500,0.220958,4.62e-05,0.00017,0.0
corrected_run,L1,102002,oracle_fullinfo,0,0.670516,0.00086602,0.44956,0.0
corrected_run,L1,102002,oracle_fullinfo,10,0.670516,0.00086601,0.44973,0.0
corrected_run,L1,102002,oracle_fullinfo,25,0.670516,0.00086601,0.44973,0.0
corrected_run,L1,102002,oracle_fullinfo,50,0.669497,0.00083651,0.44871,0.0
corrected_run,L1,102002,oracle_fullinfo,100,0.66661,0.00079997,0.44582,0.0
corrected_run,L1,102002,oracle_fullinfo,150,0.663383,0.00077307,0.4426,0.0
corrected_run,L1,102002,oracle_fullinfo,200,0.658458,0.00074556,0.43767,0.0
corrected_run,L1,102002,oracle_fullinfo,300,0.649966,0.00071068,0.42918,0.0
corrected_run,L1,102002,oracle_fullinfo,500,0.5107,0.00035093,0.28991,0.0
corrected_run,L1,102002,threshold_p_0.05,,0.642493,0.0015569,0.78906,0.0
corrected_run,L1,102002,threshold_p_0.10,,0.642323,0.00155082,0.78753,0.0
corrected_run,L1,102002,threshold_p_0.15,,0.642493,0.00152162,0.78261,0.0
corrected_run,L1,102002,threshold_p_0.20,,0.641984,0.00150376,0.77819,0.0
corrected_run,L1,102002,threshold_p_0.25,,0.641474,0.00149077,0.77463,0.0
corrected_run,L1,102002,threshold_p_0.30,,0.639436,0.00142241,0.76342,0.0
corrected_run,L1,102002,threshold_p_0.35,,0.63587,0.00136994,0.75068,0.0
corrected_run,L1,102002,threshold_p_0.40,,0.630265,0.00130872,0.72894,0.0
corrected_run,L1,102002,threshold_p_0.50,,0.597486,0.00111969,0.63995,0.0
corrected_run,L1,102002,threshold_p_0.60,,0.491338,0.00075089,0.42171,0.0
corrected_run,L1,102002,threshold_p_0.70,,0.291101,0.00019862,0.0912,0.0
corrected_run,L1,102003,v1_frozen,,0.639436,0.00142241,0.76342,0.0
corrected_run,L1,102003,drl_pi,0,0.641814,0.00151819,0.78057,0.0
corrected_run,L1,102003,drl_pi,10,0.638587,0.00143309,0.76953,0.0
corrected_run,L1,102003,drl_pi,25,0.637228,0.00139315,0.76529,0.0
corrected_run,L1,102003,drl_pi,50,0.6357,0.00133912,0.76121,0.0
corrected_run,L1,102003,drl_pi,100,0.631454,0.00125993,0.75136,0.0
corrected_run,L1,102003,drl_pi,150,0.605299,0.00115981,0.70941,0.0
corrected_run,L1,102003,drl_pi,200,0.576427,0.00102099,0.6554,0.0
corrected_run,L1,102003,drl_pi,300,0.455163,0.00051317,0.44803,0.0
corrected_run,L1,102003,drl_pi,500,0.386039,0.00033422,0.31827,0.0
corrected_run,L1,102003,t_learner,0,0.642493,0.00156868,0.79229,0.0
corrected_run,L1,102003,t_learner,10,0.642493,0.00153426,0.78719,0.0
corrected_run,L1,102003,t_learner,25,0.640285,0.00142141,0.77819,0.0
corrected_run,L1,102003,t_learner,50,0.63519,0.00129024,0.76121,0.0
corrected_run,L1,102003,t_learner,100,0.629586,0.00121671,0.74592,0.0
corrected_run,L1,102003,t_learner,150,0.621433,0.00114083,0.723,0.0
corrected_run,L1,102003,t_learner,200,0.598845,0.00100884,0.67459,0.0
corrected_run,L1,102003,t_learner,300,0.488111,0.00054521,0.48471,0.0
corrected_run,L1,102003,t_learner,500,0.404552,0.00033244,0.32541,0.0
corrected_run,L1,102003,direct_baseline,0,0.640965,0.00329386,0.99219,0.0
corrected_run,L1,102003,direct_baseline,10,0.639436,0.00324407,0.98913,0.0
corrected_run,L1,102003,direct_baseline,25,0.630774,0.00285638,0.95397,0.0
corrected_run,L1,102003,direct_baseline,50,0.619905,0.00128088,0.75306,0.0
corrected_run,L1,102003,direct_baseline,100,0.466712,0.00050727,0.45109,0.0
corrected_run,L1,102003,direct_baseline,150,0.38536,0.00031631,0.28057,0.0
corrected_run,L1,102003,direct_baseline,200,0.302819,0.00017167,0.13332,0.0
corrected_run,L1,102003,direct_baseline,300,0.225034,5.144e-05,0.00747,0.0
corrected_run,L1,102003,direct_baseline,500,0.220958,4.62e-05,0.00017,0.0
corrected_run,L1,102003,oracle_fullinfo,0,0.670516,0.00086602,0.44956,0.0
corrected_run,L1,102003,oracle_fullinfo,10,0.670516,0.00086601,0.44973,0.0
corrected_run,L1,102003,oracle_fullinfo,25,0.670516,0.00086601,0.44973,0.0
corrected_run,L1,102003,oracle_fullinfo,50,0.669497,0.00083651,0.44871,0.0
corrected_run,L1,102003,oracle_fullinfo,100,0.66661,0.00079997,0.44582,0.0
corrected_run,L1,102003,oracle_fullinfo,150,0.663383,0.00077307,0.4426,0.0
corrected_run,L1,102003,oracle_fullinfo,200,0.658458,0.00074556,0.43767,0.0
corrected_run,L1,102003,oracle_fullinfo,300,0.649966,0.00071068,0.42918,0.0
corrected_run,L1,102003,oracle_fullinfo,500,0.5107,0.00035093,0.28991,0.0
corrected_run,L1,102003,threshold_p_0.05,,0.642493,0.0015569,0.78906,0.0
corrected_run,L1,102003,threshold_p_0.10,,0.642323,0.00155082,0.78753,0.0
corrected_run,L1,102003,threshold_p_0.15,,0.642493,0.00152162,0.78261,0.0
corrected_run,L1,102003,threshold_p_0.20,,0.641984,0.00150376,0.77819,0.0
corrected_run,L1,102003,threshold_p_0.25,,0.641474,0.00149077,0.77463,0.0
corrected_run,L1,102003,threshold_p_0.30,,0.639436,0.00142241,0.76342,0.0
corrected_run,L1,102003,threshold_p_0.35,,0.63587,0.00136994,0.75068,0.0
corrected_run,L1,102003,threshold_p_0.40,,0.630265,0.00130872,0.72894,0.0
corrected_run,L1,102003,threshold_p_0.50,,0.597486,0.00111969,0.63995,0.0
corrected_run,L1,102003,threshold_p_0.60,,0.491338,0.00075089,0.42171,0.0
corrected_run,L1,102003,threshold_p_0.70,,0.291101,0.00019862,0.0912,0.0
corrected_run,L1,102004,v1_frozen,,0.639436,0.00142241,0.76342,0.0
corrected_run,L1,102004,drl_pi,0,0.641814,0.00151446,0.77955,0.0
corrected_run,L1,102004,drl_pi,10,0.640965,0.00148052,0.777,0.0
corrected_run,L1,102004,drl_pi,25,0.637908,0.00139517,0.76834,0.0
corrected_run,L1,102004,drl_pi,50,0.636549,0.00134352,0.76478,0.0
corrected_run,L1,102004,drl_pi,100,0.631284,0.0012574,0.7517,0.0
corrected_run,L1,102004,drl_pi,150,0.60411,0.0011509,0.70686,0.0
corrected_run,L1,102004,drl_pi,200,0.575238,0.00101602,0.64912,0.0
corrected_run,L1,102004,drl_pi,300,0.448539,0.00050007,0.43257,0.0
corrected_run,L1,102004,drl_pi,500,0.389776,0.00033855,0.32269,0.0
corrected_run,L1,102004,t_learner,0,0.642493,0.00157312,0.79348,0.0
corrected_run,L1,102004,t_learner,10,0.642493,0.00153751,0.78753,0.0
corrected_run,L1,102004,t_learner,25,0.640285,0.00142141,0.77819,0.0
corrected_run,L1,102004,t_learner,50,0.6357,0.00129515,0.76223,0.0
corrected_run,L1,102004,t_learner,100,0.629586,0.00121731,0.74609,0.0
corrected_run,L1,102004,t_learner,150,0.621433,0.0011424,0.72351,0.0
corrected_run,L1,102004,t_learner,200,0.600374,0.00101637,0.67731,0.0
corrected_run,L1,102004,t_learner,300,0.488451,0.0005464,0.48539,0.0
corrected_run,L1,102004,t_learner,500,0.407269,0.0003377,0.33016,0.0
corrected_run,L1,102004,direct_baseline,0,0.640965,0.00329386,0.99219,0.0
corrected_run,L1,102004,direct_baseline,10,0.639606,0.00323968,0.98998,0.0
corrected_run,L1,102004,direct_baseline,25,0.631284,0.00286021,0.95448,0.0
corrected_run,L1,102004,direct_baseline,50,0.618037,0.00128055,0.74117,0.0
corrected_run,L1,102004,direct_baseline,100,0.460258,0.00049956,0.43088,0.0
corrected_run,L1,102004,direct_baseline,150,0.382303,0.0003144,0.2804,0.0
corrected_run,L1,102004,direct_baseline,200,0.307065,0.0001762,0.14062,0.0
corrected_run,L1,102004,direct_baseline,300,0.225543,5.322e-05,0.00968,0.0
corrected_run,L1,102004,direct_baseline,500,0.220958,4.62e-05,0.00017,0.0
corrected_run,L1,102004,oracle_fullinfo,0,0.670516,0.00086602,0.44956,0.0
corrected_run,L1,102004,oracle_fullinfo,10,0.670516,0.00086601,0.44973,0.0
corrected_run,L1,102004,oracle_fullinfo,25,0.670516,0.00086601,0.44973,0.0
corrected_run,L1,102004,oracle_fullinfo,50,0.669497,0.00083651,0.44871,0.0
corrected_run,L1,102004,oracle_fullinfo,100,0.66661,0.00079997,0.44582,0.0
corrected_run,L1,102004,oracle_fullinfo,150,0.663383,0.00077307,0.4426,0.0
corrected_run,L1,102004,oracle_fullinfo,200,0.658458,0.00074556,0.43767,0.0
corrected_run,L1,102004,oracle_fullinfo,300,0.649966,0.00071068,0.42918,0.0
corrected_run,L1,102004,oracle_fullinfo,500,0.5107,0.00035093,0.28991,0.0
corrected_run,L1,102004,threshold_p_0.05,,0.642493,0.0015569,0.78906,0.0
corrected_run,L1,102004,threshold_p_0.10,,0.642323,0.00155082,0.78753,0.0
corrected_run,L1,102004,threshold_p_0.15,,0.642493,0.00152162,0.78261,0.0
corrected_run,L1,102004,threshold_p_0.20,,0.641984,0.00150376,0.77819,0.0
corrected_run,L1,102004,threshold_p_0.25,,0.641474,0.00149077,0.77463,0.0
corrected_run,L1,102004,threshold_p_0.30,,0.639436,0.00142241,0.76342,0.0
corrected_run,L1,102004,threshold_p_0.35,,0.63587,0.00136994,0.75068,0.0
corrected_run,L1,102004,threshold_p_0.40,,0.630265,0.00130872,0.72894,0.0
corrected_run,L1,102004,threshold_p_0.50,,0.597486,0.00111969,0.63995,0.0
corrected_run,L1,102004,threshold_p_0.60,,0.491338,0.00075089,0.42171,0.0
corrected_run,L1,102004,threshold_p_0.70,,0.291101,0.00019862,0.0912,0.0
corrected_run,L1,102005,v1_frozen,,0.639436,0.00142241,0.76342,0.0
corrected_run,L1,102005,drl_pi,0,0.641814,0.00151466,0.77972,0.0
corrected_run,L1,102005,drl_pi,10,0.638587,0.00144334,0.77123,0.0
corrected_run,L1,102005,drl_pi,25,0.637398,0.0013929,0.76664,0.0
corrected_run,L1,102005,drl_pi,50,0.636379,0.00135717,0.76427,0.0
corrected_run,L1,102005,drl_pi,100,0.630605,0.00126059,0.75068,0.0
corrected_run,L1,102005,drl_pi,150,0.599015,0.00114752,0.69803,0.0
corrected_run,L1,102005,drl_pi,200,0.575577,0.00102196,0.65183,0.0
corrected_run,L1,102005,drl_pi,300,0.453295,0.00051323,0.44378,0.0
corrected_run,L1,102005,drl_pi,500,0.389436,0.00033818,0.32371,0.0
corrected_run,L1,102005,t_learner,0,0.642493,0.00156868,0.79229,0.0
corrected_run,L1,102005,t_learner,10,0.642493,0.00153426,0.78719,0.0
corrected_run,L1,102005,t_learner,25,0.640285,0.00142141,0.77819,0.0
corrected_run,L1,102005,t_learner,50,0.63519,0.00129024,0.76121,0.0
corrected_run,L1,102005,t_learner,100,0.629586,0.00121591,0.74575,0.0
corrected_run,L1,102005,t_learner,150,0.621264,0.00113995,0.72266,0.0
corrected_run,L1,102005,t_learner,200,0.598336,0.00100656,0.67374,0.0
corrected_run,L1,102005,t_learner,300,0.488111,0.00054423,0.48421,0.0
corrected_run,L1,102005,t_learner,500,0.403702,0.00033034,0.32354,0.0
corrected_run,L1,102005,direct_baseline,0,0.640965,0.00329386,0.99219,0.0
corrected_run,L1,102005,direct_baseline,10,0.638417,0.00320314,0.9859,0.0
corrected_run,L1,102005,direct_baseline,25,0.628397,0.00283631,0.9499,0.0
corrected_run,L1,102005,direct_baseline,50,0.619226,0.00128327,0.7517,0.0
corrected_run,L1,102005,direct_baseline,100,0.465353,0.00049858,0.44039,0.0
corrected_run,L1,102005,direct_baseline,150,0.378397,0.00030076,0.26664,0.0
corrected_run,L1,102005,direct_baseline,200,0.293648,0.00015507,0.11413,0.0
corrected_run,L1,102005,direct_baseline,300,0.223845,4.986e-05,0.0051,0.0
corrected_run,L1,102005,direct_baseline,500,0.220958,4.62e-05,0.00017,0.0
corrected_run,L1,102005,oracle_fullinfo,0,0.670516,0.00086602,0.44956,0.0
corrected_run,L1,102005,oracle_fullinfo,10,0.670516,0.00086601,0.44973,0.0
corrected_run,L1,102005,oracle_fullinfo,25,0.670516,0.00086601,0.44973,0.0
corrected_run,L1,102005,oracle_fullinfo,50,0.669497,0.00083651,0.44871,0.0
corrected_run,L1,102005,oracle_fullinfo,100,0.66661,0.00079997,0.44582,0.0
corrected_run,L1,102005,oracle_fullinfo,150,0.663383,0.00077307,0.4426,0.0
corrected_run,L1,102005,oracle_fullinfo,200,0.658458,0.00074556,0.43767,0.0
corrected_run,L1,102005,oracle_fullinfo,300,0.649966,0.00071068,0.42918,0.0
corrected_run,L1,102005,oracle_fullinfo,500,0.5107,0.00035093,0.28991,0.0
corrected_run,L1,102005,threshold_p_0.05,,0.642493,0.0015569,0.78906,0.0
corrected_run,L1,102005,threshold_p_0.10,,0.642323,0.00155082,0.78753,0.0
corrected_run,L1,102005,threshold_p_0.15,,0.642493,0.00152162,0.78261,0.0
corrected_run,L1,102005,threshold_p_0.20,,0.641984,0.00150376,0.77819,0.0
corrected_run,L1,102005,threshold_p_0.25,,0.641474,0.00149077,0.77463,0.0
corrected_run,L1,102005,threshold_p_0.30,,0.639436,0.00142241,0.76342,0.0
corrected_run,L1,102005,threshold_p_0.35,,0.63587,0.00136994,0.75068,0.0
corrected_run,L1,102005,threshold_p_0.40,,0.630265,0.00130872,0.72894,0.0
corrected_run,L1,102005,threshold_p_0.50,,0.597486,0.00111969,0.63995,0.0
corrected_run,L1,102005,threshold_p_0.60,,0.491338,0.00075089,0.42171,0.0
corrected_run,L1,102005,threshold_p_0.70,,0.291101,0.00019862,0.0912,0.0
corrected_run,L1,102006,v1_frozen,,0.639436,0.00142241,0.76342,0.0
corrected_run,L1,102006,drl_pi,0,0.642493,0.00158001,0.79518,0.0
corrected_run,L1,102006,drl_pi,10,0.639096,0.00145355,0.77802,0.0
corrected_run,L1,102006,drl_pi,25,0.637398,0.00139132,0.76766,0.0
corrected_run,L1,102006,drl_pi,50,0.636039,0.00134809,0.76274,0.0
corrected_run,L1,102006,drl_pi,100,0.612772,0.00121755,0.72537,0.0
corrected_run,L1,102006,drl_pi,150,0.60411,0.00115351,0.70516,0.0
corrected_run,L1,102006,drl_pi,200,0.576257,0.00100881,0.65523,0.0
corrected_run,L1,102006,drl_pi,300,0.45873,0.00052527,0.4538,0.0
corrected_run,L1,102006,drl_pi,500,0.390285,0.00034063,0.32626,0.0
corrected_run,L1,102006,t_learner,0,0.642493,0.00157359,0.79365,0.0
corrected_run,L1,102006,t_learner,10,0.642493,0.00153875,0.7877,0.0
corrected_run,L1,102006,t_learner,25,0.640285,0.00142295,0.77836,0.0
corrected_run,L1,102006,t_learner,50,0.6357,0.00129515,0.76223,0.0
corrected_run,L1,102006,t_learner,100,0.629755,0.00121815,0.74626,0.0
corrected_run,L1,102006,t_learner,150,0.621433,0.00114324,0.72385,0.0
corrected_run,L1,102006,t_learner,200,0.600883,0.00101774,0.67782,0.0
corrected_run,L1,102006,t_learner,300,0.48947,0.00054935,0.48675,0.0
corrected_run,L1,102006,t_learner,500,0.408798,0.00034092,0.33305,0.0
corrected_run,L1,102006,direct_baseline,0,0.640965,0.00329386,0.99219,0.0
corrected_run,L1,102006,direct_baseline,10,0.639606,0.00323199,0.9893,0.0
corrected_run,L1,102006,direct_baseline,25,0.629755,0.00284897,0.95312,0.0
corrected_run,L1,102006,direct_baseline,50,0.619735,0.00127257,0.74762,0.0
corrected_run,L1,102006,direct_baseline,100,0.465014,0.00050274,0.44429,0.0
corrected_run,L1,102006,direct_baseline,150,0.379925,0.00031046,0.27514,0.0
corrected_run,L1,102006,direct_baseline,200,0.293818,0.00015916,0.11855,0.0
corrected_run,L1,102006,direct_baseline,300,0.227242,5.309e-05,0.00968,0.0
corrected_run,L1,102006,direct_baseline,500,0.220958,4.62e-05,0.00017,0.0
corrected_run,L1,102006,oracle_fullinfo,0,0.670516,0.00086602,0.44956,0.0
corrected_run,L1,102006,oracle_fullinfo,10,0.670516,0.00086601,0.44973,0.0
corrected_run,L1,102006,oracle_fullinfo,25,0.670516,0.00086601,0.44973,0.0
corrected_run,L1,102006,oracle_fullinfo,50,0.669497,0.00083651,0.44871,0.0
corrected_run,L1,102006,oracle_fullinfo,100,0.66661,0.00079997,0.44582,0.0
corrected_run,L1,102006,oracle_fullinfo,150,0.663383,0.00077307,0.4426,0.0
corrected_run,L1,102006,oracle_fullinfo,200,0.658458,0.00074556,0.43767,0.0
corrected_run,L1,102006,oracle_fullinfo,300,0.649966,0.00071068,0.42918,0.0
corrected_run,L1,102006,oracle_fullinfo,500,0.5107,0.00035093,0.28991,0.0
corrected_run,L1,102006,threshold_p_0.05,,0.642493,0.0015569,0.78906,0.0
corrected_run,L1,102006,threshold_p_0.10,,0.642323,0.00155082,0.78753,0.0
corrected_run,L1,102006,threshold_p_0.15,,0.642493,0.00152162,0.78261,0.0
corrected_run,L1,102006,threshold_p_0.20,,0.641984,0.00150376,0.77819,0.0
corrected_run,L1,102006,threshold_p_0.25,,0.641474,0.00149077,0.77463,0.0
corrected_run,L1,102006,threshold_p_0.30,,0.639436,0.00142241,0.76342,0.0
corrected_run,L1,102006,threshold_p_0.35,,0.63587,0.00136994,0.75068,0.0
corrected_run,L1,102006,threshold_p_0.40,,0.630265,0.00130872,0.72894,0.0
corrected_run,L1,102006,threshold_p_0.50,,0.597486,0.00111969,0.63995,0.0
corrected_run,L1,102006,threshold_p_0.60,,0.491338,0.00075089,0.42171,0.0
corrected_run,L1,102006,threshold_p_0.70,,0.291101,0.00019862,0.0912,0.0
corrected_run,L1,102007,v1_frozen,,0.639436,0.00142241,0.76342,0.0
corrected_run,L1,102007,drl_pi,0,0.641814,0.00151466,0.77972,0.0
corrected_run,L1,102007,drl_pi,10,0.641304,0.00149658,0.77904,0.0
corrected_run,L1,102007,drl_pi,25,0.638757,0.00140924,0.77055,0.0
corrected_run,L1,102007,drl_pi,50,0.636719,0.00135022,0.76546,0.0
corrected_run,L1,102007,drl_pi,100,0.615149,0.00123571,0.73234,0.0
corrected_run,L1,102007,drl_pi,150,0.600713,0.0011578,0.70194,0.0
corrected_run,L1,102007,drl_pi,200,0.560632,0.00096638,0.63349,0.0
corrected_run,L1,102007,drl_pi,300,0.455503,0.00051607,0.44718,0.0
corrected_run,L1,102007,drl_pi,500,0.388927,0.00033617,0.32405,0.0
corrected_run,L1,102007,t_learner,0,0.642493,0.00157442,0.79382,0.0
corrected_run,L1,102007,t_learner,10,0.642493,0.00153875,0.7877,0.0
corrected_run,L1,102007,t_learner,25,0.640285,0.00142141,0.77819,0.0
corrected_run,L1,102007,t_learner,50,0.6357,0.00129515,0.76223,0.0
corrected_run,L1,102007,t_learner,100,0.629586,0.00121671,0.74592,0.0
corrected_run,L1,102007,t_learner,150,0.621433,0.00114181,0.72334,0.0
corrected_run,L1,102007,t_learner,200,0.598845,0.00101062,0.67527,0.0
corrected_run,L1,102007,t_learner,300,0.488281,0.00054469,0.48454,0.0
corrected_run,L1,102007,t_learner,500,0.404212,0.00033229,0.32558,0.0
corrected_run,L1,102007,direct_baseline,0,0.640965,0.00329386,0.99219,0.0
corrected_run,L1,102007,direct_baseline,10,0.638417,0.00320066,0.98641,0.0
corrected_run,L1,102007,direct_baseline,25,0.626868,0.00281906,0.94667,0.0
corrected_run,L1,102007,direct_baseline,50,0.617188,0.00126324,0.74592,0.0
corrected_run,L1,102007,direct_baseline,100,0.459409,0.00049313,0.42935,0.0
corrected_run,L1,102007,direct_baseline,150,0.37551,0.00029986,0.26427,0.0
corrected_run,L1,102007,direct_baseline,200,0.296705,0.00016049,0.1194,0.0
corrected_run,L1,102007,direct_baseline,300,0.224355,5.003e-05,0.0056,0.0
corrected_run,L1,102007,direct_baseline,500,0.220958,4.62e-05,0.00017,0.0
corrected_run,L1,102007,oracle_fullinfo,0,0.670516,0.00086602,0.44956,0.0
corrected_run,L1,102007,oracle_fullinfo,10,0.670516,0.00086601,0.44973,0.0
corrected_run,L1,102007,oracle_fullinfo,25,0.670516,0.00086601,0.44973,0.0
corrected_run,L1,102007,oracle_fullinfo,50,0.669497,0.00083651,0.44871,0.0
corrected_run,L1,102007,oracle_fullinfo,100,0.66661,0.00079997,0.44582,0.0
corrected_run,L1,102007,oracle_fullinfo,150,0.663383,0.00077307,0.4426,0.0
corrected_run,L1,102007,oracle_fullinfo,200,0.658458,0.00074556,0.43767,0.0
corrected_run,L1,102007,oracle_fullinfo,300,0.649966,0.00071068,0.42918,0.0
corrected_run,L1,102007,oracle_fullinfo,500,0.5107,0.00035093,0.28991,0.0
corrected_run,L1,102007,threshold_p_0.05,,0.642493,0.0015569,0.78906,0.0
corrected_run,L1,102007,threshold_p_0.10,,0.642323,0.00155082,0.78753,0.0
corrected_run,L1,102007,threshold_p_0.15,,0.642493,0.00152162,0.78261,0.0
corrected_run,L1,102007,threshold_p_0.20,,0.641984,0.00150376,0.77819,0.0
corrected_run,L1,102007,threshold_p_0.25,,0.641474,0.00149077,0.77463,0.0
corrected_run,L1,102007,threshold_p_0.30,,0.639436,0.00142241,0.76342,0.0
corrected_run,L1,102007,threshold_p_0.35,,0.63587,0.00136994,0.75068,0.0
corrected_run,L1,102007,threshold_p_0.40,,0.630265,0.00130872,0.72894,0.0
corrected_run,L1,102007,threshold_p_0.50,,0.597486,0.00111969,0.63995,0.0
corrected_run,L1,102007,threshold_p_0.60,,0.491338,0.00075089,0.42171,0.0
corrected_run,L1,102007,threshold_p_0.70,,0.291101,0.00019862,0.0912,0.0
corrected_run,L1,102008,v1_frozen,,0.639436,0.00142241,0.76342,0.0
corrected_run,L1,102008,drl_pi,0,0.641814,0.00151398,0.77921,0.0
corrected_run,L1,102008,drl_pi,10,0.640965,0.00148195,0.77683,0.0
corrected_run,L1,102008,drl_pi,25,0.638077,0.00139875,0.76834,0.0
corrected_run,L1,102008,drl_pi,50,0.636719,0.00135129,0.76512,0.0
corrected_run,L1,102008,drl_pi,100,0.620414,0.00123674,0.73658,0.0
corrected_run,L1,102008,drl_pi,150,0.603091,0.00114789,0.70177,0.0
corrected_run,L1,102008,drl_pi,200,0.571841,0.00099903,0.64249,0.0
corrected_run,L1,102008,drl_pi,300,0.454823,0.00051348,0.44531,0.0
corrected_run,L1,102008,drl_pi,500,0.388077,0.00033577,0.32167,0.0
corrected_run,L1,102008,t_learner,0,0.642493,0.00156746,0.79195,0.0
corrected_run,L1,102008,t_learner,10,0.642493,0.00153362,0.78702,0.0
corrected_run,L1,102008,t_learner,25,0.640285,0.00142062,0.77802,0.0
corrected_run,L1,102008,t_learner,50,0.63502,0.00128913,0.7607,0.0
corrected_run,L1,102008,t_learner,100,0.629586,0.00121543,0.74558,0.0
corrected_run,L1,102008,t_learner,150,0.621264,0.00113995,0.72266,0.0
corrected_run,L1,102008,t_learner,200,0.598336,0.00100656,0.67374,0.0
corrected_run,L1,102008,t_learner,300,0.488111,0.00054409,0.48404,0.0
corrected_run,L1,102008,t_learner,500,0.404212,0.00033117,0.32422,0.0
corrected_run,L1,102008,direct_baseline,0,0.640965,0.00329386,0.99219,0.0
corrected_run,L1,102008,direct_baseline,10,0.639436,0.00322255,0.98879,0.0
corrected_run,L1,102008,direct_baseline,25,0.629586,0.00284292,0.95262,0.0
corrected_run,L1,102008,direct_baseline,50,0.618716,0.00127454,0.75034,0.0
corrected_run,L1,102008,direct_baseline,100,0.46824,0.00050761,0.44786,0.0
corrected_run,L1,102008,direct_baseline,150,0.38502,0.00031562,0.28125,0.0
corrected_run,L1,102008,direct_baseline,200,0.301461,0.00016609,0.12738,0.0
corrected_run,L1,102008,direct_baseline,300,0.223336,4.98e-05,0.00493,0.0
corrected_run,L1,102008,direct_baseline,500,0.220958,4.62e-05,0.00017,0.0
corrected_run,L1,102008,oracle_fullinfo,0,0.670516,0.00086602,0.44956,0.0
corrected_run,L1,102008,oracle_fullinfo,10,0.670516,0.00086601,0.44973,0.0
corrected_run,L1,102008,oracle_fullinfo,25,0.670516,0.00086601,0.44973,0.0
corrected_run,L1,102008,oracle_fullinfo,50,0.669497,0.00083651,0.44871,0.0
corrected_run,L1,102008,oracle_fullinfo,100,0.66661,0.00079997,0.44582,0.0
corrected_run,L1,102008,oracle_fullinfo,150,0.663383,0.00077307,0.4426,0.0
corrected_run,L1,102008,oracle_fullinfo,200,0.658458,0.00074556,0.43767,0.0
corrected_run,L1,102008,oracle_fullinfo,300,0.649966,0.00071068,0.42918,0.0
corrected_run,L1,102008,oracle_fullinfo,500,0.5107,0.00035093,0.28991,0.0
corrected_run,L1,102008,threshold_p_0.05,,0.642493,0.0015569,0.78906,0.0
corrected_run,L1,102008,threshold_p_0.10,,0.642323,0.00155082,0.78753,0.0
corrected_run,L1,102008,threshold_p_0.15,,0.642493,0.00152162,0.78261,0.0
corrected_run,L1,102008,threshold_p_0.20,,0.641984,0.00150376,0.77819,0.0
corrected_run,L1,102008,threshold_p_0.25,,0.641474,0.00149077,0.77463,0.0
corrected_run,L1,102008,threshold_p_0.30,,0.639436,0.00142241,0.76342,0.0
corrected_run,L1,102008,threshold_p_0.35,,0.63587,0.00136994,0.75068,0.0
corrected_run,L1,102008,threshold_p_0.40,,0.630265,0.00130872,0.72894,0.0
corrected_run,L1,102008,threshold_p_0.50,,0.597486,0.00111969,0.63995,0.0
corrected_run,L1,102008,threshold_p_0.60,,0.491338,0.00075089,0.42171,0.0
corrected_run,L1,102008,threshold_p_0.70,,0.291101,0.00019862,0.0912,0.0
corrected_run,L1,102009,v1_frozen,,0.639436,0.00142241,0.76342,0.0
corrected_run,L1,102009,drl_pi,0,0.641984,0.00155883,0.78821,0.0
corrected_run,L1,102009,drl_pi,10,0.638417,0.00143478,0.7731,0.0
corrected_run,L1,102009,drl_pi,25,0.637398,0.00139281,0.76664,0.0
corrected_run,L1,102009,drl_pi,50,0.63502,0.00133746,0.75934,0.0
corrected_run,L1,102009,drl_pi,100,0.629755,0.00125383,0.74796,0.0
corrected_run,L1,102009,drl_pi,150,0.599524,0.00115272,0.70007,0.0
corrected_run,L1,102009,drl_pi,200,0.547894,0.00091068,0.61124,0.0
corrected_run,L1,102009,drl_pi,300,0.449728,0.00050721,0.43784,0.0
corrected_run,L1,102009,drl_pi,500,0.386719,0.00033534,0.32099,0.0
corrected_run,L1,102009,t_learner,0,0.642493,0.0015749,0.79399,0.0
corrected_run,L1,102009,t_learner,10,0.642493,0.00153875,0.7877,0.0
corrected_run,L1,102009,t_learner,25,0.640285,0.00142141,0.77819,0.0
corrected_run,L1,102009,t_learner,50,0.63519,0.00129058,0.76138,0.0
corrected_run,L1,102009,t_learner,100,0.629586,0.00121591,0.74575,0.0
corrected_run,L1,102009,t_learner,150,0.620924,0.00113791,0.72215,0.0
corrected_run,L1,102009,t_learner,200,0.596807,0.00099757,0.67052,0.0
corrected_run,L1,102009,t_learner,300,0.486923,0.00054135,0.48285,0.0
corrected_run,L1,102009,t_learner,500,0.399626,0.00032279,0.31726,0.0
corrected_run,L1,102009,direct_baseline,0,0.640965,0.00329386,0.99219,0.0
corrected_run,L1,102009,direct_baseline,10,0.638417,0.00321022,0.98658,0.0
corrected_run,L1,102009,direct_baseline,25,0.630435,0.00284694,0.95262,0.0
corrected_run,L1,102009,direct_baseline,50,0.618037,0.00128208,0.75068,0.0
corrected_run,L1,102009,direct_baseline,100,0.459579,0.00049235,0.43037,0.0
corrected_run,L1,102009,direct_baseline,150,0.373132,0.00030494,0.26223,0.0
corrected_run,L1,102009,direct_baseline,200,0.296196,0.000162,0.12092,0.0
corrected_run,L1,102009,direct_baseline,300,0.225204,5.111e-05,0.00679,0.0
corrected_run,L1,102009,direct_baseline,500,0.220958,4.62e-05,0.00017,0.0
corrected_run,L1,102009,oracle_fullinfo,0,0.670516,0.00086602,0.44956,0.0
corrected_run,L1,102009,oracle_fullinfo,10,0.670516,0.00086601,0.44973,0.0
corrected_run,L1,102009,oracle_fullinfo,25,0.670516,0.00086601,0.44973,0.0
corrected_run,L1,102009,oracle_fullinfo,50,0.669497,0.00083651,0.44871,0.0
corrected_run,L1,102009,oracle_fullinfo,100,0.66661,0.00079997,0.44582,0.0
corrected_run,L1,102009,oracle_fullinfo,150,0.663383,0.00077307,0.4426,0.0
corrected_run,L1,102009,oracle_fullinfo,200,0.658458,0.00074556,0.43767,0.0
corrected_run,L1,102009,oracle_fullinfo,300,0.649966,0.00071068,0.42918,0.0
corrected_run,L1,102009,oracle_fullinfo,500,0.5107,0.00035093,0.28991,0.0
corrected_run,L1,102009,threshold_p_0.05,,0.642493,0.0015569,0.78906,0.0
corrected_run,L1,102009,threshold_p_0.10,,0.642323,0.00155082,0.78753,0.0
corrected_run,L1,102009,threshold_p_0.15,,0.642493,0.00152162,0.78261,0.0
corrected_run,L1,102009,threshold_p_0.20,,0.641984,0.00150376,0.77819,0.0
corrected_run,L1,102009,threshold_p_0.25,,0.641474,0.00149077,0.77463,0.0
corrected_run,L1,102009,threshold_p_0.30,,0.639436,0.00142241,0.76342,0.0
corrected_run,L1,102009,threshold_p_0.35,,0.63587,0.00136994,0.75068,0.0
corrected_run,L1,102009,threshold_p_0.40,,0.630265,0.00130872,0.72894,0.0
corrected_run,L1,102009,threshold_p_0.50,,0.597486,0.00111969,0.63995,0.0
corrected_run,L1,102009,threshold_p_0.60,,0.491338,0.00075089,0.42171,0.0
corrected_run,L1,102009,threshold_p_0.70,,0.291101,0.00019862,0.0912,0.0
corrected_run,L2,102000,v1_frozen,,0.639436,0.00142241,0.76342,0.0
corrected_run,L2,102000,drl_pi,0,0.641814,0.00156375,0.78991,0.0
corrected_run,L2,102000,drl_pi,10,0.641474,0.00153822,0.78804,0.0
corrected_run,L2,102000,drl_pi,25,0.639266,0.00141779,0.77463,0.0
corrected_run,L2,102000,drl_pi,50,0.636379,0.00134376,0.76512,0.0
corrected_run,L2,102000,drl_pi,100,0.631963,0.00126147,0.75306,0.0
corrected_run,L2,102000,drl_pi,150,0.605808,0.00116886,0.71145,0.0
corrected_run,L2,102000,drl_pi,200,0.574558,0.00101894,0.65336,0.0
corrected_run,L2,102000,drl_pi,300,0.456182,0.00052217,0.4516,0.0
corrected_run,L2,102000,drl_pi,500,0.390625,0.00033787,0.32575,0.0
corrected_run,L2,102000,t_learner,0,0.640965,0.0033217,1.0,0.0
corrected_run,L2,102000,t_learner,10,0.641814,0.00188647,0.84698,0.0
corrected_run,L2,102000,t_learner,25,0.641135,0.00146769,0.78618,0.0
corrected_run,L2,102000,t_learner,50,0.636889,0.00132085,0.76698,0.0
corrected_run,L2,102000,t_learner,100,0.630265,0.00122605,0.74898,0.0
corrected_run,L2,102000,t_learner,150,0.623471,0.00115178,0.72809,0.0
corrected_run,L2,102000,t_learner,200,0.602412,0.00103114,0.68495,0.0
corrected_run,L2,102000,t_learner,300,0.487602,0.00054685,0.48709,0.0
corrected_run,L2,102000,t_learner,500,0.40574,0.00033659,0.33169,0.0
corrected_run,L2,102000,direct_baseline,0,0.640965,0.00329386,0.99219,0.0
corrected_run,L2,102000,direct_baseline,10,0.639946,0.0032494,0.99066,0.0
corrected_run,L2,102000,direct_baseline,25,0.636209,0.00290191,0.96332,0.0
corrected_run,L2,102000,direct_baseline,50,0.629925,0.00135966,0.77582,0.0
corrected_run,L2,102000,direct_baseline,100,0.542799,0.0007866,0.59596,0.0
corrected_run,L2,102000,direct_baseline,150,0.47877,0.00052536,0.47775,0.0
corrected_run,L2,102000,direct_baseline,200,0.434783,0.00041103,0.39555,0.0
corrected_run,L2,102000,direct_baseline,300,0.295007,0.00014616,0.14266,0.0
corrected_run,L2,102000,direct_baseline,500,0.220788,4.628e-05,0.00034,0.0
corrected_run,L2,102000,oracle_fullinfo,0,0.670516,0.00086602,0.44956,0.0
corrected_run,L2,102000,oracle_fullinfo,10,0.670516,0.00086601,0.44973,0.0
corrected_run,L2,102000,oracle_fullinfo,25,0.670516,0.00086601,0.44973,0.0
corrected_run,L2,102000,oracle_fullinfo,50,0.669497,0.00083651,0.44871,0.0
corrected_run,L2,102000,oracle_fullinfo,100,0.66661,0.00079997,0.44582,0.0
corrected_run,L2,102000,oracle_fullinfo,150,0.663383,0.00077307,0.4426,0.0
corrected_run,L2,102000,oracle_fullinfo,200,0.658458,0.00074556,0.43767,0.0
corrected_run,L2,102000,oracle_fullinfo,300,0.649966,0.00071068,0.42918,0.0
corrected_run,L2,102000,oracle_fullinfo,500,0.5107,0.00035093,0.28991,0.0
corrected_run,L2,102000,threshold_p_0.05,,0.642493,0.0015569,0.78906,0.0
corrected_run,L2,102000,threshold_p_0.10,,0.642323,0.00155082,0.78753,0.0
corrected_run,L2,102000,threshold_p_0.15,,0.642493,0.00152162,0.78261,0.0
corrected_run,L2,102000,threshold_p_0.20,,0.641984,0.00150376,0.77819,0.0
corrected_run,L2,102000,threshold_p_0.25,,0.641474,0.00149077,0.77463,0.0
corrected_run,L2,102000,threshold_p_0.30,,0.639436,0.00142241,0.76342,0.0
corrected_run,L2,102000,threshold_p_0.35,,0.63587,0.00136994,0.75068,0.0
corrected_run,L2,102000,threshold_p_0.40,,0.630265,0.00130872,0.72894,0.0
corrected_run,L2,102000,threshold_p_0.50,,0.597486,0.00111969,0.63995,0.0
corrected_run,L2,102000,threshold_p_0.60,,0.491338,0.00075089,0.42171,0.0
corrected_run,L2,102000,threshold_p_0.70,,0.291101,0.00019862,0.0912,0.0
corrected_run,L2,102001,v1_frozen,,0.639436,0.00142241,0.76342,0.0
corrected_run,L2,102001,drl_pi,0,0.642154,0.00157842,0.79467,0.0
corrected_run,L2,102001,drl_pi,10,0.638927,0.00145977,0.77836,0.0
corrected_run,L2,102001,drl_pi,25,0.638077,0.00140337,0.76953,0.0
corrected_run,L2,102001,drl_pi,50,0.616678,0.00131808,0.73794,0.0
corrected_run,L2,102001,drl_pi,100,0.610394,0.00122555,0.72452,0.0
corrected_run,L2,102001,drl_pi,150,0.603091,0.00116454,0.70856,0.0
corrected_run,L2,102001,drl_pi,200,0.543818,0.00088683,0.60462,0.0
corrected_run,L2,102001,drl_pi,300,0.449049,0.0005039,0.43801,0.0
corrected_run,L2,102001,drl_pi,500,0.386549,0.00033258,0.31912,0.0
corrected_run,L2,102001,t_learner,0,0.640965,0.0033217,1.0,0.0
corrected_run,L2,102001,t_learner,10,0.641814,0.00198763,0.86124,0.0
corrected_run,L2,102001,t_learner,25,0.640965,0.00146055,0.78584,0.0
corrected_run,L2,102001,t_learner,50,0.636209,0.0013092,0.76546,0.0
corrected_run,L2,102001,t_learner,100,0.629755,0.00122257,0.74813,0.0
corrected_run,L2,102001,t_learner,150,0.621264,0.00114313,0.72537,0.0
corrected_run,L2,102001,t_learner,200,0.59341,0.00098386,0.66763,0.0
corrected_run,L2,102001,t_learner,300,0.484715,0.00053327,0.47979,0.0
corrected_run,L2,102001,t_learner,500,0.387058,0.0003003,0.30061,0.0
corrected_run,L2,102001,direct_baseline,0,0.640965,0.00329386,0.99219,0.0
corrected_run,L2,102001,direct_baseline,10,0.639946,0.0032494,0.99066,0.0
corrected_run,L2,102001,direct_baseline,25,0.63587,0.00289864,0.96298,0.0
corrected_run,L2,102001,direct_baseline,50,0.629416,0.0013551,0.7748,0.0
corrected_run,L2,102001,direct_baseline,100,0.537194,0.00076428,0.58696,0.0
corrected_run,L2,102001,direct_baseline,150,0.475883,0.00051698,0.47232,0.0
corrected_run,L2,102001,direct_baseline,200,0.425781,0.00039099,0.37823,0.0
corrected_run,L2,102001,direct_baseline,300,0.28142,0.00012353,0.11379,0.0
corrected_run,L2,102001,direct_baseline,500,0.220958,4.62e-05,0.00017,0.0
corrected_run,L2,102001,oracle_fullinfo,0,0.670516,0.00086602,0.44956,0.0
corrected_run,L2,102001,oracle_fullinfo,10,0.670516,0.00086601,0.44973,0.0
corrected_run,L2,102001,oracle_fullinfo,25,0.670516,0.00086601,0.44973,0.0
corrected_run,L2,102001,oracle_fullinfo,50,0.669497,0.00083651,0.44871,0.0
corrected_run,L2,102001,oracle_fullinfo,100,0.66661,0.00079997,0.44582,0.0
corrected_run,L2,102001,oracle_fullinfo,150,0.663383,0.00077307,0.4426,0.0
corrected_run,L2,102001,oracle_fullinfo,200,0.658458,0.00074556,0.43767,0.0
corrected_run,L2,102001,oracle_fullinfo,300,0.649966,0.00071068,0.42918,0.0
corrected_run,L2,102001,oracle_fullinfo,500,0.5107,0.00035093,0.28991,0.0
corrected_run,L2,102001,threshold_p_0.05,,0.642493,0.0015569,0.78906,0.0
corrected_run,L2,102001,threshold_p_0.10,,0.642323,0.00155082,0.78753,0.0
corrected_run,L2,102001,threshold_p_0.15,,0.642493,0.00152162,0.78261,0.0
corrected_run,L2,102001,threshold_p_0.20,,0.641984,0.00150376,0.77819,0.0
corrected_run,L2,102001,threshold_p_0.25,,0.641474,0.00149077,0.77463,0.0
corrected_run,L2,102001,threshold_p_0.30,,0.639436,0.00142241,0.76342,0.0
corrected_run,L2,102001,threshold_p_0.35,,0.63587,0.00136994,0.75068,0.0
corrected_run,L2,102001,threshold_p_0.40,,0.630265,0.00130872,0.72894,0.0
corrected_run,L2,102001,threshold_p_0.50,,0.597486,0.00111969,0.63995,0.0
corrected_run,L2,102001,threshold_p_0.60,,0.491338,0.00075089,0.42171,0.0
corrected_run,L2,102001,threshold_p_0.70,,0.291101,0.00019862,0.0912,0.0
corrected_run,L2,102002,v1_frozen,,0.639436,0.00142241,0.76342,0.0
corrected_run,L2,102002,drl_pi,0,0.642154,0.00157056,0.79178,0.0
corrected_run,L2,102002,drl_pi,10,0.641474,0.00150223,0.77938,0.0
corrected_run,L2,102002,drl_pi,25,0.638757,0.00140567,0.77021,0.0
corrected_run,L2,102002,drl_pi,50,0.636379,0.00134514,0.76478,0.0
corrected_run,L2,102002,drl_pi,100,0.617697,0.00123908,0.73624,0.0
corrected_run,L2,102002,drl_pi,150,0.606148,0.00117448,0.71484,0.0
corrected_run,L2,102002,drl_pi,200,0.561141,0.00097056,0.63723,0.0
corrected_run,L2,102002,drl_pi,300,0.451427,0.00051349,0.44361,0.0
corrected_run,L2,102002,drl_pi,500,0.384681,0.00033647,0.31963,0.0
corrected_run,L2,102002,t_learner,0,0.640965,0.0033217,1.0,0.0
corrected_run,L2,102002,t_learner,10,0.641644,0.00217494,0.88587,0.0
corrected_run,L2,102002,t_learner,25,0.641135,0.0014737,0.78753,0.0
corrected_run,L2,102002,t_learner,50,0.636889,0.0013213,0.76715,0.0
corrected_run,L2,102002,t_learner,100,0.629925,0.00122439,0.74864,0.0
corrected_run,L2,102002,t_learner,150,0.622792,0.00114946,0.72741,0.0
corrected_run,L2,102002,t_learner,200,0.597826,0.00100939,0.67714,0.0
corrected_run,L2,102002,t_learner,300,0.485734,0.0005412,0.48421,0.0
corrected_run,L2,102002,t_learner,500,0.398268,0.00031963,0.3176,0.0
corrected_run,L2,102002,direct_baseline,0,0.640965,0.0032933,0.99168,0.0
corrected_run,L2,102002,direct_baseline,10,0.640115,0.00325193,0.99032,0.0
corrected_run,L2,102002,direct_baseline,25,0.6357,0.00289711,0.96247,0.0
corrected_run,L2,102002,direct_baseline,50,0.629076,0.00135345,0.77395,0.0
corrected_run,L2,102002,direct_baseline,100,0.54161,0.00078216,0.59375,0.0
corrected_run,L2,102002,direct_baseline,150,0.476902,0.00051818,0.473,0.0
corrected_run,L2,102002,direct_baseline,200,0.429008,0.00039724,0.38366,0.0
corrected_run,L2,102002,direct_baseline,300,0.283628,0.00012965,0.12194,0.0
corrected_run,L2,102002,direct_baseline,500,0.220958,4.62e-05,0.00017,0.0
corrected_run,L2,102002,oracle_fullinfo,0,0.670516,0.00086602,0.44956,0.0
corrected_run,L2,102002,oracle_fullinfo,10,0.670516,0.00086601,0.44973,0.0
corrected_run,L2,102002,oracle_fullinfo,25,0.670516,0.00086601,0.44973,0.0
corrected_run,L2,102002,oracle_fullinfo,50,0.669497,0.00083651,0.44871,0.0
corrected_run,L2,102002,oracle_fullinfo,100,0.66661,0.00079997,0.44582,0.0
corrected_run,L2,102002,oracle_fullinfo,150,0.663383,0.00077307,0.4426,0.0
corrected_run,L2,102002,oracle_fullinfo,200,0.658458,0.00074556,0.43767,0.0
corrected_run,L2,102002,oracle_fullinfo,300,0.649966,0.00071068,0.42918,0.0
corrected_run,L2,102002,oracle_fullinfo,500,0.5107,0.00035093,0.28991,0.0
corrected_run,L2,102002,threshold_p_0.05,,0.642493,0.0015569,0.78906,0.0
corrected_run,L2,102002,threshold_p_0.10,,0.642323,0.00155082,0.78753,0.0
corrected_run,L2,102002,threshold_p_0.15,,0.642493,0.00152162,0.78261,0.0
corrected_run,L2,102002,threshold_p_0.20,,0.641984,0.00150376,0.77819,0.0
corrected_run,L2,102002,threshold_p_0.25,,0.641474,0.00149077,0.77463,0.0
corrected_run,L2,102002,threshold_p_0.30,,0.639436,0.00142241,0.76342,0.0
corrected_run,L2,102002,threshold_p_0.35,,0.63587,0.00136994,0.75068,0.0
corrected_run,L2,102002,threshold_p_0.40,,0.630265,0.00130872,0.72894,0.0
corrected_run,L2,102002,threshold_p_0.50,,0.597486,0.00111969,0.63995,0.0
corrected_run,L2,102002,threshold_p_0.60,,0.491338,0.00075089,0.42171,0.0
corrected_run,L2,102002,threshold_p_0.70,,0.291101,0.00019862,0.0912,0.0
corrected_run,L2,102003,v1_frozen,,0.639436,0.00142241,0.76342,0.0
corrected_run,L2,102003,drl_pi,0,0.641984,0.00153417,0.78516,0.0
corrected_run,L2,102003,drl_pi,10,0.640625,0.00146795,0.77802,0.0
corrected_run,L2,102003,drl_pi,25,0.637738,0.0013958,0.76987,0.0
corrected_run,L2,102003,drl_pi,50,0.636039,0.0013428,0.76308,0.0
corrected_run,L2,102003,drl_pi,100,0.613451,0.00122598,0.72639,0.0
corrected_run,L2,102003,drl_pi,150,0.60445,0.00116768,0.70805,0.0
corrected_run,L2,102003,drl_pi,200,0.570312,0.00099337,0.64657,0.0
corrected_run,L2,102003,drl_pi,300,0.454823,0.0005259,0.45092,0.0
corrected_run,L2,102003,drl_pi,500,0.388927,0.00033855,0.32507,0.0
corrected_run,L2,102003,t_learner,0,0.640965,0.0033217,1.0,0.0
corrected_run,L2,102003,t_learner,10,0.642154,0.00166694,0.81233,0.0
corrected_run,L2,102003,t_learner,25,0.641135,0.00145877,0.78482,0.0
corrected_run,L2,102003,t_learner,50,0.636719,0.0013189,0.76664,0.0
corrected_run,L2,102003,t_learner,100,0.630265,0.00122577,0.74881,0.0
corrected_run,L2,102003,t_learner,150,0.623302,0.00115122,0.72792,0.0
corrected_run,L2,102003,t_learner,200,0.601732,0.00102792,0.68359,0.0
corrected_run,L2,102003,t_learner,300,0.488281,0.00054815,0.48743,0.0
corrected_run,L2,102003,t_learner,500,0.40642,0.0003375,0.3322,0.0
corrected_run,L2,102003,direct_baseline,0,0.640965,0.00329386,0.99219,0.0
corrected_run,L2,102003,direct_baseline,10,0.640455,0.00326129,0.99117,0.0
corrected_run,L2,102003,direct_baseline,25,0.636719,0.00291145,0.96399,0.0
corrected_run,L2,102003,direct_baseline,50,0.628057,0.0013449,0.77191,0.0
corrected_run,L2,102003,direct_baseline,100,0.550442,0.0008141,0.60615,0.0
corrected_run,L2,102003,direct_baseline,150,0.478261,0.000518,0.47249,0.0
corrected_run,L2,102003,direct_baseline,200,0.434613,0.00040599,0.39029,0.0
corrected_run,L2,102003,direct_baseline,300,0.286345,0.00013409,0.12585,0.0
corrected_run,L2,102003,direct_baseline,500,0.221128,4.677e-05,0.00136,0.0
corrected_run,L2,102003,oracle_fullinfo,0,0.670516,0.00086602,0.44956,0.0
corrected_run,L2,102003,oracle_fullinfo,10,0.670516,0.00086601,0.44973,0.0
corrected_run,L2,102003,oracle_fullinfo,25,0.670516,0.00086601,0.44973,0.0
corrected_run,L2,102003,oracle_fullinfo,50,0.669497,0.00083651,0.44871,0.0
corrected_run,L2,102003,oracle_fullinfo,100,0.66661,0.00079997,0.44582,0.0
corrected_run,L2,102003,oracle_fullinfo,150,0.663383,0.00077307,0.4426,0.0
corrected_run,L2,102003,oracle_fullinfo,200,0.658458,0.00074556,0.43767,0.0
corrected_run,L2,102003,oracle_fullinfo,300,0.649966,0.00071068,0.42918,0.0
corrected_run,L2,102003,oracle_fullinfo,500,0.5107,0.00035093,0.28991,0.0
corrected_run,L2,102003,threshold_p_0.05,,0.642493,0.0015569,0.78906,0.0
corrected_run,L2,102003,threshold_p_0.10,,0.642323,0.00155082,0.78753,0.0
corrected_run,L2,102003,threshold_p_0.15,,0.642493,0.00152162,0.78261,0.0
corrected_run,L2,102003,threshold_p_0.20,,0.641984,0.00150376,0.77819,0.0
corrected_run,L2,102003,threshold_p_0.25,,0.641474,0.00149077,0.77463,0.0
corrected_run,L2,102003,threshold_p_0.30,,0.639436,0.00142241,0.76342,0.0
corrected_run,L2,102003,threshold_p_0.35,,0.63587,0.00136994,0.75068,0.0
corrected_run,L2,102003,threshold_p_0.40,,0.630265,0.00130872,0.72894,0.0
corrected_run,L2,102003,threshold_p_0.50,,0.597486,0.00111969,0.63995,0.0
corrected_run,L2,102003,threshold_p_0.60,,0.491338,0.00075089,0.42171,0.0
corrected_run,L2,102003,threshold_p_0.70,,0.291101,0.00019862,0.0912,0.0
corrected_run,L2,102004,v1_frozen,,0.639436,0.00142241,0.76342,0.0
corrected_run,L2,102004,drl_pi,0,0.641984,0.00157492,0.79348,0.0
corrected_run,L2,102004,drl_pi,10,0.641304,0.00155064,0.79025,0.0
corrected_run,L2,102004,drl_pi,25,0.639096,0.00141573,0.77463,0.0
corrected_run,L2,102004,drl_pi,50,0.636209,0.00134527,0.76596,0.0
corrected_run,L2,102004,drl_pi,100,0.629416,0.00125504,0.74847,0.0
corrected_run,L2,102004,drl_pi,150,0.597317,0.00115014,0.69735,0.0
corrected_run,L2,102004,drl_pi,200,0.554348,0.00094973,0.6216,0.0
corrected_run,L2,102004,drl_pi,300,0.448879,0.00051182,0.44005,0.0
corrected_run,L2,102004,drl_pi,500,0.388927,0.00034027,0.32643,0.0
corrected_run,L2,102004,t_learner,0,0.640965,0.0033217,1.0,0.0
corrected_run,L2,102004,t_learner,10,0.641984,0.00181368,0.83611,0.0
corrected_run,L2,102004,t_learner,25,0.641135,0.00146372,0.78584,0.0
corrected_run,L2,102004,t_learner,50,0.636889,0.00132085,0.76698,0.0
corrected_run,L2,102004,t_learner,100,0.630265,0.00122577,0.74881,0.0
corrected_run,L2,102004,t_learner,150,0.623302,0.00115122,0.72792,0.0
corrected_run,L2,102004,t_learner,200,0.600713,0.0010228,0.6819,0.0
corrected_run,L2,102004,t_learner,300,0.487092,0.00054491,0.4859,0.0
corrected_run,L2,102004,t_learner,500,0.403702,0.00033255,0.32829,0.0
corrected_run,L2,102004,direct_baseline,0,0.640965,0.00329386,0.99219,0.0
corrected_run,L2,102004,direct_baseline,10,0.640115,0.00325434,0.99083,0.0
corrected_run,L2,102004,direct_baseline,25,0.63587,0.00290107,0.96315,0.0
corrected_run,L2,102004,direct_baseline,50,0.629586,0.00135693,0.77514,0.0
corrected_run,L2,102004,direct_baseline,100,0.54127,0.00078391,0.59477,0.0
corrected_run,L2,102004,direct_baseline,150,0.477921,0.00052038,0.47452,0.0
corrected_run,L2,102004,direct_baseline,200,0.432745,0.00040378,0.38927,0.0
corrected_run,L2,102004,direct_baseline,300,0.292799,0.00014183,0.13672,0.0
corrected_run,L2,102004,direct_baseline,500,0.220958,4.62e-05,0.00017,0.0
corrected_run,L2,102004,oracle_fullinfo,0,0.670516,0.00086602,0.44956,0.0
corrected_run,L2,102004,oracle_fullinfo,10,0.670516,0.00086601,0.44973,0.0
corrected_run,L2,102004,oracle_fullinfo,25,0.670516,0.00086601,0.44973,0.0
corrected_run,L2,102004,oracle_fullinfo,50,0.669497,0.00083651,0.44871,0.0
corrected_run,L2,102004,oracle_fullinfo,100,0.66661,0.00079997,0.44582,0.0
corrected_run,L2,102004,oracle_fullinfo,150,0.663383,0.00077307,0.4426,0.0
corrected_run,L2,102004,oracle_fullinfo,200,0.658458,0.00074556,0.43767,0.0
corrected_run,L2,102004,oracle_fullinfo,300,0.649966,0.00071068,0.42918,0.0
corrected_run,L2,102004,oracle_fullinfo,500,0.5107,0.00035093,0.28991,0.0
corrected_run,L2,102004,threshold_p_0.05,,0.642493,0.0015569,0.78906,0.0
corrected_run,L2,102004,threshold_p_0.10,,0.642323,0.00155082,0.78753,0.0
corrected_run,L2,102004,threshold_p_0.15,,0.642493,0.00152162,0.78261,0.0
corrected_run,L2,102004,threshold_p_0.20,,0.641984,0.00150376,0.77819,0.0
corrected_run,L2,102004,threshold_p_0.25,,0.641474,0.00149077,0.77463,0.0
corrected_run,L2,102004,threshold_p_0.30,,0.639436,0.00142241,0.76342,0.0
corrected_run,L2,102004,threshold_p_0.35,,0.63587,0.00136994,0.75068,0.0
corrected_run,L2,102004,threshold_p_0.40,,0.630265,0.00130872,0.72894,0.0
corrected_run,L2,102004,threshold_p_0.50,,0.597486,0.00111969,0.63995,0.0
corrected_run,L2,102004,threshold_p_0.60,,0.491338,0.00075089,0.42171,0.0
corrected_run,L2,102004,threshold_p_0.70,,0.291101,0.00019862,0.0912,0.0
corrected_run,L2,102005,v1_frozen,,0.639436,0.00142241,0.76342,0.0
corrected_run,L2,102005,drl_pi,0,0.642493,0.00158177,0.79586,0.0
corrected_run,L2,102005,drl_pi,10,0.638587,0.00146504,0.77412,0.0
corrected_run,L2,102005,drl_pi,25,0.637908,0.00139722,0.76647,0.0
corrected_run,L2,102005,drl_pi,50,0.636549,0.00134511,0.76274,0.0
corrected_run,L2,102005,drl_pi,100,0.610904,0.0012087,0.72181,0.0
corrected_run,L2,102005,drl_pi,150,0.600034,0.0011252,0.69565,0.0
corrected_run,L2,102005,drl_pi,200,0.575917,0.00099608,0.64912,0.0
corrected_run,L2,102005,drl_pi,300,0.452446,0.00050752,0.44344,0.0
corrected_run,L2,102005,drl_pi,500,0.386039,0.00032583,0.31471,0.0
corrected_run,L2,102005,t_learner,0,0.640965,0.0033217,1.0,0.0
corrected_run,L2,102005,t_learner,10,0.641984,0.00172953,0.82286,0.0
corrected_run,L2,102005,t_learner,25,0.640965,0.00145697,0.78482,0.0
corrected_run,L2,102005,t_learner,50,0.636549,0.00131398,0.76596,0.0
corrected_run,L2,102005,t_learner,100,0.629925,0.0012234,0.7483,0.0
corrected_run,L2,102005,t_learner,150,0.622962,0.00114986,0.72741,0.0
corrected_run,L2,102005,t_learner,200,0.599694,0.00101576,0.67918,0.0
corrected_run,L2,102005,t_learner,300,0.486073,0.00054291,0.48488,0.0
corrected_run,L2,102005,t_learner,500,0.401155,0.00032539,0.32201,0.0
corrected_run,L2,102005,direct_baseline,0,0.640965,0.00329386,0.99219,0.0
corrected_run,L2,102005,direct_baseline,10,0.639946,0.0032494,0.99066,0.0
corrected_run,L2,102005,direct_baseline,25,0.63536,0.00289218,0.96179,0.0
corrected_run,L2,102005,direct_baseline,50,0.629246,0.00135452,0.77412,0.0
corrected_run,L2,102005,direct_baseline,100,0.54161,0.00078525,0.59528,0.0
corrected_run,L2,102005,direct_baseline,150,0.477751,0.00051981,0.47435,0.0
corrected_run,L2,102005,direct_baseline,200,0.431895,0.00040355,0.3891,0.0
corrected_run,L2,102005,direct_baseline,300,0.283628,0.00012726,0.11838,0.0
corrected_run,L2,102005,direct_baseline,500,0.220958,4.62e-05,0.00017,0.0
corrected_run,L2,102005,oracle_fullinfo,0,0.670516,0.00086602,0.44956,0.0
corrected_run,L2,102005,oracle_fullinfo,10,0.670516,0.00086601,0.44973,0.0
corrected_run,L2,102005,oracle_fullinfo,25,0.670516,0.00086601,0.44973,0.0
corrected_run,L2,102005,oracle_fullinfo,50,0.669497,0.00083651,0.44871,0.0
corrected_run,L2,102005,oracle_fullinfo,100,0.66661,0.00079997,0.44582,0.0
corrected_run,L2,102005,oracle_fullinfo,150,0.663383,0.00077307,0.4426,0.0
corrected_run,L2,102005,oracle_fullinfo,200,0.658458,0.00074556,0.43767,0.0
corrected_run,L2,102005,oracle_fullinfo,300,0.649966,0.00071068,0.42918,0.0
corrected_run,L2,102005,oracle_fullinfo,500,0.5107,0.00035093,0.28991,0.0
corrected_run,L2,102005,threshold_p_0.05,,0.642493,0.0015569,0.78906,0.0
corrected_run,L2,102005,threshold_p_0.10,,0.642323,0.00155082,0.78753,0.0
corrected_run,L2,102005,threshold_p_0.15,,0.642493,0.00152162,0.78261,0.0
corrected_run,L2,102005,threshold_p_0.20,,0.641984,0.00150376,0.77819,0.0
corrected_run,L2,102005,threshold_p_0.25,,0.641474,0.00149077,0.77463,0.0
corrected_run,L2,102005,threshold_p_0.30,,0.639436,0.00142241,0.76342,0.0
corrected_run,L2,102005,threshold_p_0.35,,0.63587,0.00136994,0.75068,0.0
corrected_run,L2,102005,threshold_p_0.40,,0.630265,0.00130872,0.72894,0.0
corrected_run,L2,102005,threshold_p_0.50,,0.597486,0.00111969,0.63995,0.0
corrected_run,L2,102005,threshold_p_0.60,,0.491338,0.00075089,0.42171,0.0
corrected_run,L2,102005,threshold_p_0.70,,0.291101,0.00019862,0.0912,0.0
corrected_run,L2,102006,v1_frozen,,0.639436,0.00142241,0.76342,0.0
corrected_run,L2,102006,drl_pi,0,0.642493,0.00158177,0.79586,0.0
corrected_run,L2,102006,drl_pi,10,0.641474,0.00154615,0.79263,0.0
corrected_run,L2,102006,drl_pi,25,0.638247,0.001427,0.77819,0.0
corrected_run,L2,102006,drl_pi,50,0.636039,0.00134796,0.7663,0.0
corrected_run,L2,102006,drl_pi,100,0.612262,0.00123027,0.72775,0.0
corrected_run,L2,102006,drl_pi,150,0.606318,0.00117607,0.71382,0.0
corrected_run,L2,102006,drl_pi,200,0.577276,0.00102536,0.66151,0.0
corrected_run,L2,102006,drl_pi,300,0.453295,0.00052032,0.44718,0.0
corrected_run,L2,102006,drl_pi,500,0.378227,0.00032848,0.31063,0.0
corrected_run,L2,102006,t_learner,0,0.640965,0.0033217,1.0,0.0
corrected_run,L2,102006,t_learner,10,0.641814,0.0019753,0.85954,0.0
corrected_run,L2,102006,t_learner,25,0.641135,0.00146893,0.78651,0.0
corrected_run,L2,102006,t_learner,50,0.636889,0.0013213,0.76715,0.0
corrected_run,L2,102006,t_learner,100,0.630265,0.00122605,0.74898,0.0
corrected_run,L2,102006,t_learner,150,0.623302,0.00115122,0.72792,0.0
corrected_run,L2,102006,t_learner,200,0.600713,0.00102312,0.68207,0.0
corrected_run,L2,102006,t_learner,300,0.486923,0.00054495,0.48607,0.0
corrected_run,L2,102006,t_learner,500,0.403023,0.00033175,0.32779,0.0
corrected_run,L2,102006,direct_baseline,0,0.640965,0.00329386,0.99219,0.0
corrected_run,L2,102006,direct_baseline,10,0.640115,0.00325249,0.99083,0.0
corrected_run,L2,102006,direct_baseline,25,0.636039,0.00290274,0.96315,0.0
corrected_run,L2,102006,direct_baseline,50,0.628397,0.00134712,0.77225,0.0
corrected_run,L2,102006,direct_baseline,100,0.548064,0.00080324,0.60224,0.0
corrected_run,L2,102006,direct_baseline,150,0.477072,0.00051534,0.47096,0.0
corrected_run,L2,102006,direct_baseline,200,0.433933,0.00040396,0.38893,0.0
corrected_run,L2,102006,direct_baseline,300,0.290931,0.00013747,0.12959,0.0
corrected_run,L2,102006,direct_baseline,500,0.220958,4.62e-05,0.00017,0.0
corrected_run,L2,102006,oracle_fullinfo,0,0.670516,0.00086602,0.44956,0.0
corrected_run,L2,102006,oracle_fullinfo,10,0.670516,0.00086601,0.44973,0.0
corrected_run,L2,102006,oracle_fullinfo,25,0.670516,0.00086601,0.44973,0.0
corrected_run,L2,102006,oracle_fullinfo,50,0.669497,0.00083651,0.44871,0.0
corrected_run,L2,102006,oracle_fullinfo,100,0.66661,0.00079997,0.44582,0.0
corrected_run,L2,102006,oracle_fullinfo,150,0.663383,0.00077307,0.4426,0.0
corrected_run,L2,102006,oracle_fullinfo,200,0.658458,0.00074556,0.43767,0.0
corrected_run,L2,102006,oracle_fullinfo,300,0.649966,0.00071068,0.42918,0.0
corrected_run,L2,102006,oracle_fullinfo,500,0.5107,0.00035093,0.28991,0.0
corrected_run,L2,102006,threshold_p_0.05,,0.642493,0.0015569,0.78906,0.0
corrected_run,L2,102006,threshold_p_0.10,,0.642323,0.00155082,0.78753,0.0
corrected_run,L2,102006,threshold_p_0.15,,0.642493,0.00152162,0.78261,0.0
corrected_run,L2,102006,threshold_p_0.20,,0.641984,0.00150376,0.77819,0.0
corrected_run,L2,102006,threshold_p_0.25,,0.641474,0.00149077,0.77463,0.0
corrected_run,L2,102006,threshold_p_0.30,,0.639436,0.00142241,0.76342,0.0
corrected_run,L2,102006,threshold_p_0.35,,0.63587,0.00136994,0.75068,0.0
corrected_run,L2,102006,threshold_p_0.40,,0.630265,0.00130872,0.72894,0.0
corrected_run,L2,102006,threshold_p_0.50,,0.597486,0.00111969,0.63995,0.0
corrected_run,L2,102006,threshold_p_0.60,,0.491338,0.00075089,0.42171,0.0
corrected_run,L2,102006,threshold_p_0.70,,0.291101,0.00019862,0.0912,0.0
corrected_run,L2,102007,v1_frozen,,0.639436,0.00142241,0.76342,0.0
corrected_run,L2,102007,drl_pi,0,0.641984,0.00155042,0.78601,0.0
corrected_run,L2,102007,drl_pi,10,0.641474,0.00153257,0.78499,0.0
corrected_run,L2,102007,drl_pi,25,0.639436,0.00142936,0.7748,0.0
corrected_run,L2,102007,drl_pi,50,0.637398,0.00137432,0.76834,0.0
corrected_run,L2,102007,drl_pi,100,0.629076,0.00126915,0.7517,0.0
corrected_run,L2,102007,drl_pi,150,0.600034,0.00116042,0.70363,0.0
corrected_run,L2,102007,drl_pi,200,0.571162,0.00100409,0.64674,0.0
corrected_run,L2,102007,drl_pi,300,0.455673,0.00051402,0.4448,0.0
corrected_run,L2,102007,drl_pi,500,0.387058,0.00034744,0.32286,0.0
corrected_run,L2,102007,t_learner,0,0.640965,0.0033217,1.0,0.0
corrected_run,L2,102007,t_learner,10,0.641814,0.00198763,0.86124,0.0
corrected_run,L2,102007,t_learner,25,0.641135,0.00146953,0.78668,0.0
corrected_run,L2,102007,t_learner,50,0.636889,0.0013213,0.76715,0.0
corrected_run,L2,102007,t_learner,100,0.630265,0.00122605,0.74898,0.0
corrected_run,L2,102007,t_learner,150,0.623302,0.00115122,0.72792,0.0
corrected_run,L2,102007,t_learner,200,0.600034,0.00101842,0.68037,0.0
corrected_run,L2,102007,t_learner,300,0.486413,0.00054363,0.48539,0.0
corrected_run,L2,102007,t_learner,500,0.401664,0.00032738,0.32405,0.0
corrected_run,L2,102007,direct_baseline,0,0.640965,0.00329386,0.99219,0.0
corrected_run,L2,102007,direct_baseline,10,0.639776,0.00323462,0.98947,0.0
corrected_run,L2,102007,direct_baseline,25,0.634341,0.00288353,0.96026,0.0
corrected_run,L2,102007,direct_baseline,50,0.628057,0.00134477,0.77174,0.0
corrected_run,L2,102007,direct_baseline,100,0.543139,0.000783,0.59426,0.0
corrected_run,L2,102007,direct_baseline,150,0.477582,0.00052116,0.47537,0.0
corrected_run,L2,102007,direct_baseline,200,0.430197,0.00040141,0.3874,0.0
corrected_run,L2,102007,direct_baseline,300,0.289742,0.00013642,0.13094,0.0
corrected_run,L2,102007,direct_baseline,500,0.220958,4.62e-05,0.00017,0.0
corrected_run,L2,102007,oracle_fullinfo,0,0.670516,0.00086602,0.44956,0.0
corrected_run,L2,102007,oracle_fullinfo,10,0.670516,0.00086601,0.44973,0.0
corrected_run,L2,102007,oracle_fullinfo,25,0.670516,0.00086601,0.44973,0.0
corrected_run,L2,102007,oracle_fullinfo,50,0.669497,0.00083651,0.44871,0.0
corrected_run,L2,102007,oracle_fullinfo,100,0.66661,0.00079997,0.44582,0.0
corrected_run,L2,102007,oracle_fullinfo,150,0.663383,0.00077307,0.4426,0.0
corrected_run,L2,102007,oracle_fullinfo,200,0.658458,0.00074556,0.43767,0.0
corrected_run,L2,102007,oracle_fullinfo,300,0.649966,0.00071068,0.42918,0.0
corrected_run,L2,102007,oracle_fullinfo,500,0.5107,0.00035093,0.28991,0.0
corrected_run,L2,102007,threshold_p_0.05,,0.642493,0.0015569,0.78906,0.0
corrected_run,L2,102007,threshold_p_0.10,,0.642323,0.00155082,0.78753,0.0
corrected_run,L2,102007,threshold_p_0.15,,0.642493,0.00152162,0.78261,0.0
corrected_run,L2,102007,threshold_p_0.20,,0.641984,0.00150376,0.77819,0.0
corrected_run,L2,102007,threshold_p_0.25,,0.641474,0.00149077,0.77463,0.0
corrected_run,L2,102007,threshold_p_0.30,,0.639436,0.00142241,0.76342,0.0
corrected_run,L2,102007,threshold_p_0.35,,0.63587,0.00136994,0.75068,0.0
corrected_run,L2,102007,threshold_p_0.40,,0.630265,0.00130872,0.72894,0.0
corrected_run,L2,102007,threshold_p_0.50,,0.597486,0.00111969,0.63995,0.0
corrected_run,L2,102007,threshold_p_0.60,,0.491338,0.00075089,0.42171,0.0
corrected_run,L2,102007,threshold_p_0.70,,0.291101,0.00019862,0.0912,0.0
corrected_run,L2,102008,v1_frozen,,0.639436,0.00142241,0.76342,0.0
corrected_run,L2,102008,drl_pi,0,0.641814,0.00151558,0.77955,0.0
corrected_run,L2,102008,drl_pi,10,0.641474,0.00149939,0.77887,0.0
corrected_run,L2,102008,drl_pi,25,0.638757,0.00140957,0.77055,0.0
corrected_run,L2,102008,drl_pi,50,0.636719,0.00136323,0.76596,0.0
corrected_run,L2,102008,drl_pi,100,0.613621,0.00123655,0.73081,0.0
corrected_run,L2,102008,drl_pi,150,0.60428,0.00116229,0.70652,0.0
corrected_run,L2,102008,drl_pi,200,0.545007,0.00090392,0.61005,0.0
corrected_run,L2,102008,drl_pi,300,0.453125,0.00051717,0.44701,0.0
corrected_run,L2,102008,drl_pi,500,0.386719,0.00034344,0.32592,0.0
corrected_run,L2,102008,t_learner,0,0.640965,0.0033217,1.0,0.0
corrected_run,L2,102008,t_learner,10,0.641984,0.00183829,0.83984,0.0
corrected_run,L2,102008,t_learner,25,0.641135,0.00146173,0.78567,0.0
corrected_run,L2,102008,t_learner,50,0.636889,0.00131961,0.76681,0.0
corrected_run,L2,102008,t_learner,100,0.629925,0.00122411,0.74847,0.0
corrected_run,L2,102008,t_learner,150,0.622962,0.00115023,0.72758,0.0
corrected_run,L2,102008,t_learner,200,0.599864,0.00101602,0.67935,0.0
corrected_run,L2,102008,t_learner,300,0.486073,0.00054291,0.48488,0.0
corrected_run,L2,102008,t_learner,500,0.401325,0.00032525,0.32201,0.0
corrected_run,L2,102008,direct_baseline,0,0.640965,0.00329386,0.99219,0.0
corrected_run,L2,102008,direct_baseline,10,0.639946,0.0032494,0.99066,0.0
corrected_run,L2,102008,direct_baseline,25,0.63553,0.00289258,0.9623,0.0
corrected_run,L2,102008,direct_baseline,50,0.628567,0.00135243,0.77412,0.0
corrected_run,L2,102008,direct_baseline,100,0.549253,0.00080931,0.60445,0.0
corrected_run,L2,102008,direct_baseline,150,0.477242,0.00051827,0.47283,0.0
corrected_run,L2,102008,direct_baseline,200,0.430367,0.00039377,0.38043,0.0
corrected_run,L2,102008,direct_baseline,300,0.285836,0.00013043,0.12279,0.0
corrected_run,L2,102008,direct_baseline,500,0.220788,4.628e-05,0.00034,0.0
corrected_run,L2,102008,oracle_fullinfo,0,0.670516,0.00086602,0.44956,0.0
corrected_run,L2,102008,oracle_fullinfo,10,0.670516,0.00086601,0.44973,0.0
corrected_run,L2,102008,oracle_fullinfo,25,0.670516,0.00086601,0.44973,0.0
corrected_run,L2,102008,oracle_fullinfo,50,0.669497,0.00083651,0.44871,0.0
corrected_run,L2,102008,oracle_fullinfo,100,0.66661,0.00079997,0.44582,0.0
corrected_run,L2,102008,oracle_fullinfo,150,0.663383,0.00077307,0.4426,0.0
corrected_run,L2,102008,oracle_fullinfo,200,0.658458,0.00074556,0.43767,0.0
corrected_run,L2,102008,oracle_fullinfo,300,0.649966,0.00071068,0.42918,0.0
corrected_run,L2,102008,oracle_fullinfo,500,0.5107,0.00035093,0.28991,0.0
corrected_run,L2,102008,threshold_p_0.05,,0.642493,0.0015569,0.78906,0.0
corrected_run,L2,102008,threshold_p_0.10,,0.642323,0.00155082,0.78753,0.0
corrected_run,L2,102008,threshold_p_0.15,,0.642493,0.00152162,0.78261,0.0
corrected_run,L2,102008,threshold_p_0.20,,0.641984,0.00150376,0.77819,0.0
corrected_run,L2,102008,threshold_p_0.25,,0.641474,0.00149077,0.77463,0.0
corrected_run,L2,102008,threshold_p_0.30,,0.639436,0.00142241,0.76342,0.0
corrected_run,L2,102008,threshold_p_0.35,,0.63587,0.00136994,0.75068,0.0
corrected_run,L2,102008,threshold_p_0.40,,0.630265,0.00130872,0.72894,0.0
corrected_run,L2,102008,threshold_p_0.50,,0.597486,0.00111969,0.63995,0.0
corrected_run,L2,102008,threshold_p_0.60,,0.491338,0.00075089,0.42171,0.0
corrected_run,L2,102008,threshold_p_0.70,,0.291101,0.00019862,0.0912,0.0
corrected_run,L2,102009,v1_frozen,,0.639436,0.00142241,0.76342,0.0
corrected_run,L2,102009,drl_pi,0,0.641984,0.00154436,0.78414,0.0
corrected_run,L2,102009,drl_pi,10,0.641135,0.00149138,0.77921,0.0
corrected_run,L2,102009,drl_pi,25,0.638077,0.00139488,0.76868,0.0
corrected_run,L2,102009,drl_pi,50,0.636549,0.00134563,0.76529,0.0
corrected_run,L2,102009,drl_pi,100,0.60445,0.00120385,0.71077,0.0
corrected_run,L2,102009,drl_pi,150,0.595279,0.00112673,0.6875,0.0
corrected_run,L2,102009,drl_pi,200,0.54212,0.00088436,0.60139,0.0
corrected_run,L2,102009,drl_pi,300,0.456012,0.00051518,0.44769,0.0
corrected_run,L2,102009,drl_pi,500,0.381114,0.00032184,0.30927,0.0
corrected_run,L2,102009,t_learner,0,0.640965,0.0033217,1.0,0.0
corrected_run,L2,102009,t_learner,10,0.641984,0.00186704,0.84494,0.0
corrected_run,L2,102009,t_learner,25,0.640965,0.0014574,0.78533,0.0
corrected_run,L2,102009,t_learner,50,0.636039,0.00130774,0.76529,0.0
corrected_run,L2,102009,t_learner,100,0.629755,0.00122055,0.74762,0.0
corrected_run,L2,102009,t_learner,150,0.621264,0.00114313,0.72537,0.0
corrected_run,L2,102009,t_learner,200,0.590693,0.00097143,0.66287,0.0
corrected_run,L2,102009,t_learner,300,0.484035,0.00053165,0.47894,0.0
corrected_run,L2,102009,t_learner,500,0.384341,0.00029557,0.29637,0.0
corrected_run,L2,102009,direct_baseline,0,0.640965,0.00329386,0.99219,0.0
corrected_run,L2,102009,direct_baseline,10,0.639946,0.0032437,0.99032,0.0
corrected_run,L2,102009,direct_baseline,25,0.63502,0.00288887,0.96128,0.0
corrected_run,L2,102009,direct_baseline,50,0.629076,0.00135311,0.77395,0.0
corrected_run,L2,102009,direct_baseline,100,0.540082,0.00077723,0.59188,0.0
corrected_run,L2,102009,direct_baseline,150,0.474694,0.00051389,0.47045,0.0
corrected_run,L2,102009,direct_baseline,200,0.425272,0.0003885,0.37568,0.0
corrected_run,L2,102009,direct_baseline,300,0.28142,0.00012466,0.11566,0.0
corrected_run,L2,102009,direct_baseline,500,0.220958,4.62e-05,0.00017,0.0
corrected_run,L2,102009,oracle_fullinfo,0,0.670516,0.00086602,0.44956,0.0
corrected_run,L2,102009,oracle_fullinfo,10,0.670516,0.00086601,0.44973,0.0
corrected_run,L2,102009,oracle_fullinfo,25,0.670516,0.00086601,0.44973,0.0
corrected_run,L2,102009,oracle_fullinfo,50,0.669497,0.00083651,0.44871,0.0
corrected_run,L2,102009,oracle_fullinfo,100,0.66661,0.00079997,0.44582,0.0
corrected_run,L2,102009,oracle_fullinfo,150,0.663383,0.00077307,0.4426,0.0
corrected_run,L2,102009,oracle_fullinfo,200,0.658458,0.00074556,0.43767,0.0
corrected_run,L2,102009,oracle_fullinfo,300,0.649966,0.00071068,0.42918,0.0
corrected_run,L2,102009,oracle_fullinfo,500,0.5107,0.00035093,0.28991,0.0
corrected_run,L2,102009,threshold_p_0.05,,0.642493,0.0015569,0.78906,0.0
corrected_run,L2,102009,threshold_p_0.10,,0.642323,0.00155082,0.78753,0.0
corrected_run,L2,102009,threshold_p_0.15,,0.642493,0.00152162,0.78261,0.0
corrected_run,L2,102009,threshold_p_0.20,,0.641984,0.00150376,0.77819,0.0
corrected_run,L2,102009,threshold_p_0.25,,0.641474,0.00149077,0.77463,0.0
corrected_run,L2,102009,threshold_p_0.30,,0.639436,0.00142241,0.76342,0.0
corrected_run,L2,102009,threshold_p_0.35,,0.63587,0.00136994,0.75068,0.0
corrected_run,L2,102009,threshold_p_0.40,,0.630265,0.00130872,0.72894,0.0
corrected_run,L2,102009,threshold_p_0.50,,0.597486,0.00111969,0.63995,0.0
corrected_run,L2,102009,threshold_p_0.60,,0.491338,0.00075089,0.42171,0.0
corrected_run,L2,102009,threshold_p_0.70,,0.291101,0.00019862,0.0912,0.0
corrected_run,L3,102000,v1_frozen,,0.639436,0.00142241,0.76342,0.0
corrected_run,L3,102000,drl_pi,0,0.641984,0.00157021,0.7928,0.0
corrected_run,L3,102000,drl_pi,10,0.640795,0.00153182,0.78974,0.0
corrected_run,L3,102000,drl_pi,25,0.637908,0.00142013,0.77514,0.0
corrected_run,L3,102000,drl_pi,50,0.637058,0.00136198,0.7663,0.0
corrected_run,L3,102000,drl_pi,100,0.631793,0.00126693,0.75119,0.0
corrected_run,L3,102000,drl_pi,150,0.599185,0.00116101,0.70092,0.0
corrected_run,L3,102000,drl_pi,200,0.567765,0.00099919,0.64487,0.0
corrected_run,L3,102000,drl_pi,300,0.454654,0.00051529,0.44786,0.0
corrected_run,L3,102000,drl_pi,500,0.391814,0.00033628,0.32524,0.0
corrected_run,L3,102000,t_learner,0,0.640965,0.0033217,1.0,0.0
corrected_run,L3,102000,t_learner,10,0.640795,0.0032487,0.99541,0.0
corrected_run,L3,102000,t_learner,25,0.640795,0.00157429,0.80605,0.0
corrected_run,L3,102000,t_learner,50,0.637058,0.0013471,0.77276,0.0
corrected_run,L3,102000,t_learner,100,0.630605,0.00123293,0.75119,0.0
corrected_run,L3,102000,t_learner,150,0.623471,0.00115869,0.73081,0.0
corrected_run,L3,102000,t_learner,200,0.601732,0.00102929,0.68546,0.0
corrected_run,L3,102000,t_learner,300,0.486923,0.00054567,0.48743,0.0
corrected_run,L3,102000,t_learner,500,0.399966,0.00032665,0.32507,0.0
corrected_run,L3,102000,direct_baseline,0,0.640965,0.00329386,0.99219,0.0
corrected_run,L3,102000,direct_baseline,10,0.639946,0.0032494,0.99066,0.0
corrected_run,L3,102000,direct_baseline,25,0.636039,0.00289988,0.96298,0.0
corrected_run,L3,102000,direct_baseline,50,0.631624,0.00136861,0.77768,0.0
corrected_run,L3,102000,direct_baseline,100,0.590014,0.00098901,0.67289,0.0
corrected_run,L3,102000,direct_baseline,150,0.484035,0.00054302,0.48828,0.0
corrected_run,L3,102000,direct_baseline,200,0.455163,0.00045478,0.42986,0.0
corrected_run,L3,102000,direct_baseline,300,0.324728,0.00019543,0.19973,0.0
corrected_run,L3,102000,direct_baseline,500,0.225543,5.157e-05,0.01104,0.0
corrected_run,L3,102000,oracle_fullinfo,0,0.670516,0.00086602,0.44956,0.0
corrected_run,L3,102000,oracle_fullinfo,10,0.670516,0.00086601,0.44973,0.0
corrected_run,L3,102000,oracle_fullinfo,25,0.670516,0.00086601,0.44973,0.0
corrected_run,L3,102000,oracle_fullinfo,50,0.669497,0.00083651,0.44871,0.0
corrected_run,L3,102000,oracle_fullinfo,100,0.66661,0.00079997,0.44582,0.0
corrected_run,L3,102000,oracle_fullinfo,150,0.663383,0.00077307,0.4426,0.0
corrected_run,L3,102000,oracle_fullinfo,200,0.658458,0.00074556,0.43767,0.0
corrected_run,L3,102000,oracle_fullinfo,300,0.649966,0.00071068,0.42918,0.0
corrected_run,L3,102000,oracle_fullinfo,500,0.5107,0.00035093,0.28991,0.0
corrected_run,L3,102000,threshold_p_0.05,,0.642493,0.0015569,0.78906,0.0
corrected_run,L3,102000,threshold_p_0.10,,0.642323,0.00155082,0.78753,0.0
corrected_run,L3,102000,threshold_p_0.15,,0.642493,0.00152162,0.78261,0.0
corrected_run,L3,102000,threshold_p_0.20,,0.641984,0.00150376,0.77819,0.0
corrected_run,L3,102000,threshold_p_0.25,,0.641474,0.00149077,0.77463,0.0
corrected_run,L3,102000,threshold_p_0.30,,0.639436,0.00142241,0.76342,0.0
corrected_run,L3,102000,threshold_p_0.35,,0.63587,0.00136994,0.75068,0.0
corrected_run,L3,102000,threshold_p_0.40,,0.630265,0.00130872,0.72894,0.0
corrected_run,L3,102000,threshold_p_0.50,,0.597486,0.00111969,0.63995,0.0
corrected_run,L3,102000,threshold_p_0.60,,0.491338,0.00075089,0.42171,0.0
corrected_run,L3,102000,threshold_p_0.70,,0.291101,0.00019862,0.0912,0.0
corrected_run,L3,102001,v1_frozen,,0.639436,0.00142241,0.76342,0.0
corrected_run,L3,102001,drl_pi,0,0.640965,0.00157069,0.79076,0.0
corrected_run,L3,102001,drl_pi,10,0.640625,0.00155663,0.78889,0.0
corrected_run,L3,102001,drl_pi,25,0.638247,0.00143769,0.77599,0.0
corrected_run,L3,102001,drl_pi,50,0.63502,0.0013481,0.76444,0.0
corrected_run,L3,102001,drl_pi,100,0.610734,0.00122889,0.72537,0.0
corrected_run,L3,102001,drl_pi,150,0.59375,0.00114197,0.69158,0.0
corrected_run,L3,102001,drl_pi,200,0.564029,0.00098819,0.63332,0.0
corrected_run,L3,102001,drl_pi,300,0.445482,0.0004969,0.43173,0.0
corrected_run,L3,102001,drl_pi,500,0.386719,0.00032925,0.31743,0.0
corrected_run,L3,102001,t_learner,0,0.640965,0.0033217,1.0,0.0
corrected_run,L3,102001,t_learner,10,0.640795,0.0032114,0.9927,0.0
corrected_run,L3,102001,t_learner,25,0.640965,0.00154106,0.8001,0.0
corrected_run,L3,102001,t_learner,50,0.637058,0.00133741,0.77106,0.0
corrected_run,L3,102001,t_learner,100,0.630435,0.00122913,0.75017,0.0
corrected_run,L3,102001,t_learner,150,0.622962,0.00115252,0.72877,0.0
corrected_run,L3,102001,t_learner,200,0.596298,0.00100406,0.67629,0.0
corrected_run,L3,102001,t_learner,300,0.485564,0.00053738,0.48302,0.0
corrected_run,L3,102001,t_learner,500,0.389266,0.00030566,0.30707,0.0
corrected_run,L3,102001,direct_baseline,0,0.640965,0.00329386,0.99219,0.0
corrected_run,L3,102001,direct_baseline,10,0.640115,0.00325434,0.99083,0.0
corrected_run,L3,102001,direct_baseline,25,0.63587,0.00290226,0.96332,0.0
corrected_run,L3,102001,direct_baseline,50,0.632133,0.00137435,0.7787,0.0
corrected_run,L3,102001,direct_baseline,100,0.585938,0.00096795,0.66525,0.0
corrected_run,L3,102001,direct_baseline,150,0.484885,0.00054248,0.48794,0.0
corrected_run,L3,102001,direct_baseline,200,0.454654,0.00045504,0.42986,0.0
corrected_run,L3,102001,direct_baseline,300,0.322181,0.00018814,0.19158,0.0
corrected_run,L3,102001,direct_baseline,500,0.223336,4.903e-05,0.00594,0.0
corrected_run,L3,102001,oracle_fullinfo,0,0.670516,0.00086602,0.44956,0.0
corrected_run,L3,102001,oracle_fullinfo,10,0.670516,0.00086601,0.44973,0.0
corrected_run,L3,102001,oracle_fullinfo,25,0.670516,0.00086601,0.44973,0.0
corrected_run,L3,102001,oracle_fullinfo,50,0.669497,0.00083651,0.44871,0.0
corrected_run,L3,102001,oracle_fullinfo,100,0.66661,0.00079997,0.44582,0.0
corrected_run,L3,102001,oracle_fullinfo,150,0.663383,0.00077307,0.4426,0.0
corrected_run,L3,102001,oracle_fullinfo,200,0.658458,0.00074556,0.43767,0.0
corrected_run,L3,102001,oracle_fullinfo,300,0.649966,0.00071068,0.42918,0.0
corrected_run,L3,102001,oracle_fullinfo,500,0.5107,0.00035093,0.28991,0.0
corrected_run,L3,102001,threshold_p_0.05,,0.642493,0.0015569,0.78906,0.0
corrected_run,L3,102001,threshold_p_0.10,,0.642323,0.00155082,0.78753,0.0
corrected_run,L3,102001,threshold_p_0.15,,0.642493,0.00152162,0.78261,0.0
corrected_run,L3,102001,threshold_p_0.20,,0.641984,0.00150376,0.77819,0.0
corrected_run,L3,102001,threshold_p_0.25,,0.641474,0.00149077,0.77463,0.0
corrected_run,L3,102001,threshold_p_0.30,,0.639436,0.00142241,0.76342,0.0
corrected_run,L3,102001,threshold_p_0.35,,0.63587,0.00136994,0.75068,0.0
corrected_run,L3,102001,threshold_p_0.40,,0.630265,0.00130872,0.72894,0.0
corrected_run,L3,102001,threshold_p_0.50,,0.597486,0.00111969,0.63995,0.0
corrected_run,L3,102001,threshold_p_0.60,,0.491338,0.00075089,0.42171,0.0
corrected_run,L3,102001,threshold_p_0.70,,0.291101,0.00019862,0.0912,0.0
corrected_run,L3,102002,v1_frozen,,0.639436,0.00142241,0.76342,0.0
corrected_run,L3,102002,drl_pi,0,0.642493,0.00156702,0.79365,0.0
corrected_run,L3,102002,drl_pi,10,0.642154,0.00155466,0.79314,0.0
corrected_run,L3,102002,drl_pi,25,0.640455,0.00145649,0.78329,0.0
corrected_run,L3,102002,drl_pi,50,0.636549,0.00137137,0.77174,0.0
corrected_run,L3,102002,drl_pi,100,0.631793,0.00126755,0.75543,0.0
corrected_run,L3,102002,drl_pi,150,0.600543,0.00116469,0.70805,0.0
corrected_run,L3,102002,drl_pi,200,0.570992,0.00100693,0.65336,0.0
corrected_run,L3,102002,drl_pi,300,0.451766,0.00051233,0.44888,0.0
corrected_run,L3,102002,drl_pi,500,0.388417,0.00033213,0.32014,0.0
corrected_run,L3,102002,t_learner,0,0.640965,0.0033217,1.0,0.0
corrected_run,L3,102002,t_learner,10,0.640795,0.0032487,0.99541,0.0
corrected_run,L3,102002,t_learner,25,0.640795,0.00158007,0.80707,0.0
corrected_run,L3,102002,t_learner,50,0.637228,0.00134444,0.77242,0.0
corrected_run,L3,102002,t_learner,100,0.630605,0.00123127,0.75085,0.0
corrected_run,L3,102002,t_learner,150,0.623132,0.00115356,0.72911,0.0
corrected_run,L3,102002,t_learner,200,0.597317,0.00100765,0.67765,0.0
corrected_run,L3,102002,t_learner,300,0.485904,0.00053858,0.48387,0.0
corrected_run,L3,102002,t_learner,500,0.389776,0.00030719,0.30859,0.0
corrected_run,L3,102002,direct_baseline,0,0.640965,0.0032933,0.99168,0.0
corrected_run,L3,102002,direct_baseline,10,0.640115,0.00325193,0.99032,0.0
corrected_run,L3,102002,direct_baseline,25,0.636549,0.00290711,0.96349,0.0
corrected_run,L3,102002,direct_baseline,50,0.631963,0.00137168,0.77785,0.0
corrected_run,L3,102002,direct_baseline,100,0.588655,0.0009775,0.66865,0.0
corrected_run,L3,102002,direct_baseline,150,0.484715,0.00054372,0.48879,0.0
corrected_run,L3,102002,direct_baseline,200,0.456182,0.00045652,0.43105,0.0
corrected_run,L3,102002,direct_baseline,300,0.323539,0.00019001,0.19412,0.0
corrected_run,L3,102002,direct_baseline,500,0.225543,5.081e-05,0.00951,0.0
corrected_run,L3,102002,oracle_fullinfo,0,0.670516,0.00086602,0.44956,0.0
corrected_run,L3,102002,oracle_fullinfo,10,0.670516,0.00086601,0.44973,0.0
corrected_run,L3,102002,oracle_fullinfo,25,0.670516,0.00086601,0.44973,0.0
corrected_run,L3,102002,oracle_fullinfo,50,0.669497,0.00083651,0.44871,0.0
corrected_run,L3,102002,oracle_fullinfo,100,0.66661,0.00079997,0.44582,0.0
corrected_run,L3,102002,oracle_fullinfo,150,0.663383,0.00077307,0.4426,0.0
corrected_run,L3,102002,oracle_fullinfo,200,0.658458,0.00074556,0.43767,0.0
corrected_run,L3,102002,oracle_fullinfo,300,0.649966,0.00071068,0.42918,0.0
corrected_run,L3,102002,oracle_fullinfo,500,0.5107,0.00035093,0.28991,0.0
corrected_run,L3,102002,threshold_p_0.05,,0.642493,0.0015569,0.78906,0.0
corrected_run,L3,102002,threshold_p_0.10,,0.642323,0.00155082,0.78753,0.0
corrected_run,L3,102002,threshold_p_0.15,,0.642493,0.00152162,0.78261,0.0
corrected_run,L3,102002,threshold_p_0.20,,0.641984,0.00150376,0.77819,0.0
corrected_run,L3,102002,threshold_p_0.25,,0.641474,0.00149077,0.77463,0.0
corrected_run,L3,102002,threshold_p_0.30,,0.639436,0.00142241,0.76342,0.0
corrected_run,L3,102002,threshold_p_0.35,,0.63587,0.00136994,0.75068,0.0
corrected_run,L3,102002,threshold_p_0.40,,0.630265,0.00130872,0.72894,0.0
corrected_run,L3,102002,threshold_p_0.50,,0.597486,0.00111969,0.63995,0.0
corrected_run,L3,102002,threshold_p_0.60,,0.491338,0.00075089,0.42171,0.0
corrected_run,L3,102002,threshold_p_0.70,,0.291101,0.00019862,0.0912,0.0
corrected_run,L3,102003,v1_frozen,,0.639436,0.00142241,0.76342,0.0
corrected_run,L3,102003,drl_pi,0,0.640115,0.00150507,0.77734,0.0
corrected_run,L3,102003,drl_pi,10,0.639946,0.00149362,0.77683,0.0
corrected_run,L3,102003,drl_pi,25,0.638927,0.00144672,0.77361,0.0
corrected_run,L3,102003,drl_pi,50,0.63536,0.00135279,0.76308,0.0
corrected_run,L3,102003,drl_pi,100,0.612262,0.00121848,0.72588,0.0
corrected_run,L3,102003,drl_pi,150,0.60428,0.00114915,0.70567,0.0
corrected_run,L3,102003,drl_pi,200,0.545007,0.00089804,0.61294,0.0
corrected_run,L3,102003,drl_pi,300,0.454484,0.0005229,0.45075,0.0
corrected_run,L3,102003,drl_pi,500,0.379246,0.00031803,0.30571,0.0
corrected_run,L3,102003,t_learner,0,0.640965,0.0033217,1.0,0.0
corrected_run,L3,102003,t_learner,10,0.640795,0.00313621,0.98675,0.0
corrected_run,L3,102003,t_learner,25,0.640965,0.00150916,0.7945,0.0
corrected_run,L3,102003,t_learner,50,0.637228,0.00133428,0.77004,0.0
corrected_run,L3,102003,t_learner,100,0.630265,0.00122798,0.74983,0.0
corrected_run,L3,102003,t_learner,150,0.623132,0.00115247,0.7286,0.0
corrected_run,L3,102003,t_learner,200,0.597486,0.00100807,0.67765,0.0
corrected_run,L3,102003,t_learner,300,0.485564,0.0005376,0.48285,0.0
corrected_run,L3,102003,t_learner,500,0.392833,0.00031141,0.31165,0.0
corrected_run,L3,102003,direct_baseline,0,0.640965,0.00329386,0.99219,0.0
corrected_run,L3,102003,direct_baseline,10,0.640115,0.00325434,0.99083,0.0
corrected_run,L3,102003,direct_baseline,25,0.636039,0.0029037,0.96332,0.0
corrected_run,L3,102003,direct_baseline,50,0.631624,0.00136557,0.77666,0.0
corrected_run,L3,102003,direct_baseline,100,0.589844,0.00098444,0.67103,0.0
corrected_run,L3,102003,direct_baseline,150,0.484035,0.00053819,0.48539,0.0
corrected_run,L3,102003,direct_baseline,200,0.453465,0.00045235,0.42782,0.0
corrected_run,L3,102003,direct_baseline,300,0.322181,0.00018774,0.1909,0.0
corrected_run,L3,102003,direct_baseline,500,0.226732,5.285e-05,0.01342,0.0
corrected_run,L3,102003,oracle_fullinfo,0,0.670516,0.00086602,0.44956,0.0
corrected_run,L3,102003,oracle_fullinfo,10,0.670516,0.00086601,0.44973,0.0
corrected_run,L3,102003,oracle_fullinfo,25,0.670516,0.00086601,0.44973,0.0
corrected_run,L3,102003,oracle_fullinfo,50,0.669497,0.00083651,0.44871,0.0
corrected_run,L3,102003,oracle_fullinfo,100,0.66661,0.00079997,0.44582,0.0
corrected_run,L3,102003,oracle_fullinfo,150,0.663383,0.00077307,0.4426,0.0
corrected_run,L3,102003,oracle_fullinfo,200,0.658458,0.00074556,0.43767,0.0
corrected_run,L3,102003,oracle_fullinfo,300,0.649966,0.00071068,0.42918,0.0
corrected_run,L3,102003,oracle_fullinfo,500,0.5107,0.00035093,0.28991,0.0
corrected_run,L3,102003,threshold_p_0.05,,0.642493,0.0015569,0.78906,0.0
corrected_run,L3,102003,threshold_p_0.10,,0.642323,0.00155082,0.78753,0.0
corrected_run,L3,102003,threshold_p_0.15,,0.642493,0.00152162,0.78261,0.0
corrected_run,L3,102003,threshold_p_0.20,,0.641984,0.00150376,0.77819,0.0
corrected_run,L3,102003,threshold_p_0.25,,0.641474,0.00149077,0.77463,0.0
corrected_run,L3,102003,threshold_p_0.30,,0.639436,0.00142241,0.76342,0.0
corrected_run,L3,102003,threshold_p_0.35,,0.63587,0.00136994,0.75068,0.0
corrected_run,L3,102003,threshold_p_0.40,,0.630265,0.00130872,0.72894,0.0
corrected_run,L3,102003,threshold_p_0.50,,0.597486,0.00111969,0.63995,0.0
corrected_run,L3,102003,threshold_p_0.60,,0.491338,0.00075089,0.42171,0.0
corrected_run,L3,102003,threshold_p_0.70,,0.291101,0.00019862,0.0912,0.0
corrected_run,L3,102004,v1_frozen,,0.639436,0.00142241,0.76342,0.0
corrected_run,L3,102004,drl_pi,0,0.641644,0.00153557,0.78584,0.0
corrected_run,L3,102004,drl_pi,10,0.641644,0.00151564,0.78295,0.0
corrected_run,L3,102004,drl_pi,25,0.640965,0.00146058,0.77836,0.0
corrected_run,L3,102004,drl_pi,50,0.633152,0.00134694,0.75985,0.0
corrected_run,L3,102004,drl_pi,100,0.611923,0.00122741,0.72945,0.0
corrected_run,L3,102004,drl_pi,150,0.605639,0.00116249,0.71332,0.0
corrected_run,L3,102004,drl_pi,200,0.586447,0.00105852,0.67731,0.0
corrected_run,L3,102004,drl_pi,300,0.450068,0.00051056,0.44497,0.0
corrected_run,L3,102004,drl_pi,500,0.389436,0.00034536,0.32609,0.0
corrected_run,L3,102004,t_learner,0,0.640965,0.0033217,1.0,0.0
corrected_run,L3,102004,t_learner,10,0.640795,0.00322979,0.99406,0.0
corrected_run,L3,102004,t_learner,25,0.640795,0.00155529,0.80265,0.0
corrected_run,L3,102004,t_learner,50,0.637058,0.00134471,0.77208,0.0
corrected_run,L3,102004,t_learner,100,0.630774,0.00123375,0.75136,0.0
corrected_run,L3,102004,t_learner,150,0.623641,0.00115985,0.73115,0.0
corrected_run,L3,102004,t_learner,200,0.60428,0.00104039,0.68937,0.0
corrected_run,L3,102004,t_learner,300,0.487602,0.00054752,0.48845,0.0
corrected_run,L3,102004,t_learner,500,0.405061,0.0003361,0.33305,0.0
corrected_run,L3,102004,direct_baseline,0,0.640965,0.00329386,0.99219,0.0
corrected_run,L3,102004,direct_baseline,10,0.640115,0.00325434,0.99083,0.0
corrected_run,L3,102004,direct_baseline,25,0.636209,0.00290309,0.96332,0.0
corrected_run,L3,102004,direct_baseline,50,0.632303,0.00137335,0.77853,0.0
corrected_run,L3,102004,direct_baseline,100,0.587636,0.00097711,0.66865,0.0
corrected_run,L3,102004,direct_baseline,150,0.484885,0.0005427,0.48811,0.0
corrected_run,L3,102004,direct_baseline,200,0.455673,0.00045799,0.43224,0.0
corrected_run,L3,102004,direct_baseline,300,0.325408,0.00019144,0.19548,0.0
corrected_run,L3,102004,direct_baseline,500,0.225713,5.151e-05,0.01087,0.0
corrected_run,L3,102004,oracle_fullinfo,0,0.670516,0.00086602,0.44956,0.0
corrected_run,L3,102004,oracle_fullinfo,10,0.670516,0.00086601,0.44973,0.0
corrected_run,L3,102004,oracle_fullinfo,25,0.670516,0.00086601,0.44973,0.0
corrected_run,L3,102004,oracle_fullinfo,50,0.669497,0.00083651,0.44871,0.0
corrected_run,L3,102004,oracle_fullinfo,100,0.66661,0.00079997,0.44582,0.0
corrected_run,L3,102004,oracle_fullinfo,150,0.663383,0.00077307,0.4426,0.0
corrected_run,L3,102004,oracle_fullinfo,200,0.658458,0.00074556,0.43767,0.0
corrected_run,L3,102004,oracle_fullinfo,300,0.649966,0.00071068,0.42918,0.0
corrected_run,L3,102004,oracle_fullinfo,500,0.5107,0.00035093,0.28991,0.0
corrected_run,L3,102004,threshold_p_0.05,,0.642493,0.0015569,0.78906,0.0
corrected_run,L3,102004,threshold_p_0.10,,0.642323,0.00155082,0.78753,0.0
corrected_run,L3,102004,threshold_p_0.15,,0.642493,0.00152162,0.78261,0.0
corrected_run,L3,102004,threshold_p_0.20,,0.641984,0.00150376,0.77819,0.0
corrected_run,L3,102004,threshold_p_0.25,,0.641474,0.00149077,0.77463,0.0
corrected_run,L3,102004,threshold_p_0.30,,0.639436,0.00142241,0.76342,0.0
corrected_run,L3,102004,threshold_p_0.35,,0.63587,0.00136994,0.75068,0.0
corrected_run,L3,102004,threshold_p_0.40,,0.630265,0.00130872,0.72894,0.0
corrected_run,L3,102004,threshold_p_0.50,,0.597486,0.00111969,0.63995,0.0
corrected_run,L3,102004,threshold_p_0.60,,0.491338,0.00075089,0.42171,0.0
corrected_run,L3,102004,threshold_p_0.70,,0.291101,0.00019862,0.0912,0.0
corrected_run,L3,102005,v1_frozen,,0.639436,0.00142241,0.76342,0.0
corrected_run,L3,102005,drl_pi,0,0.642493,0.00158162,0.79569,0.0
corrected_run,L3,102005,drl_pi,10,0.641304,0.00152137,0.78821,0.0
corrected_run,L3,102005,drl_pi,25,0.637568,0.00139757,0.768,0.0
corrected_run,L3,102005,drl_pi,50,0.63587,0.00134103,0.76257,0.0
corrected_run,L3,102005,drl_pi,100,0.611413,0.00122249,0.72283,0.0
corrected_run,L3,102005,drl_pi,150,0.596977,0.00115001,0.69327,0.0
corrected_run,L3,102005,drl_pi,200,0.575577,0.00103035,0.65353,0.0
corrected_run,L3,102005,drl_pi,300,0.456012,0.00051266,0.44497,0.0
corrected_run,L3,102005,drl_pi,500,0.391814,0.00034801,0.32948,0.0
corrected_run,L3,102005,t_learner,0,0.640965,0.0033217,1.0,0.0
corrected_run,L3,102005,t_learner,10,0.640795,0.00323683,0.99457,0.0
corrected_run,L3,102005,t_learner,25,0.640795,0.00155998,0.8035,0.0
corrected_run,L3,102005,t_learner,50,0.637058,0.00134599,0.77242,0.0
corrected_run,L3,102005,t_learner,100,0.630774,0.00123375,0.75136,0.0
corrected_run,L3,102005,t_learner,150,0.623641,0.0011593,0.73098,0.0
corrected_run,L3,102005,t_learner,200,0.603601,0.001038,0.68852,0.0
corrected_run,L3,102005,t_learner,300,0.487262,0.00054695,0.48811,0.0
corrected_run,L3,102005,t_learner,500,0.404721,0.00033504,0.3322,0.0
corrected_run,L3,102005,direct_baseline,0,0.640965,0.00329386,0.99219,0.0
corrected_run,L3,102005,direct_baseline,10,0.640115,0.00325434,0.99083,0.0
corrected_run,L3,102005,direct_baseline,25,0.63587,0.00289919,0.96298,0.0
corrected_run,L3,102005,direct_baseline,50,0.631793,0.00136719,0.777,0.0
corrected_run,L3,102005,direct_baseline,100,0.591372,0.00099215,0.67391,0.0
corrected_run,L3,102005,direct_baseline,150,0.484885,0.00054397,0.48896,0.0
corrected_run,L3,102005,direct_baseline,200,0.453465,0.00045212,0.42799,0.0
corrected_run,L3,102005,direct_baseline,300,0.323539,0.00019146,0.19548,0.0
corrected_run,L3,102005,direct_baseline,500,0.223336,4.903e-05,0.00594,0.0
corrected_run,L3,102005,oracle_fullinfo,0,0.670516,0.00086602,0.44956,0.0
corrected_run,L3,102005,oracle_fullinfo,10,0.670516,0.00086601,0.44973,0.0
corrected_run,L3,102005,oracle_fullinfo,25,0.670516,0.00086601,0.44973,0.0
corrected_run,L3,102005,oracle_fullinfo,50,0.669497,0.00083651,0.44871,0.0
corrected_run,L3,102005,oracle_fullinfo,100,0.66661,0.00079997,0.44582,0.0
corrected_run,L3,102005,oracle_fullinfo,150,0.663383,0.00077307,0.4426,0.0
corrected_run,L3,102005,oracle_fullinfo,200,0.658458,0.00074556,0.43767,0.0
corrected_run,L3,102005,oracle_fullinfo,300,0.649966,0.00071068,0.42918,0.0
corrected_run,L3,102005,oracle_fullinfo,500,0.5107,0.00035093,0.28991,0.0
corrected_run,L3,102005,threshold_p_0.05,,0.642493,0.0015569,0.78906,0.0
corrected_run,L3,102005,threshold_p_0.10,,0.642323,0.00155082,0.78753,0.0
corrected_run,L3,102005,threshold_p_0.15,,0.642493,0.00152162,0.78261,0.0
corrected_run,L3,102005,threshold_p_0.20,,0.641984,0.00150376,0.77819,0.0
corrected_run,L3,102005,threshold_p_0.25,,0.641474,0.00149077,0.77463,0.0
corrected_run,L3,102005,threshold_p_0.30,,0.639436,0.00142241,0.76342,0.0
corrected_run,L3,102005,threshold_p_0.35,,0.63587,0.00136994,0.75068,0.0
corrected_run,L3,102005,threshold_p_0.40,,0.630265,0.00130872,0.72894,0.0
corrected_run,L3,102005,threshold_p_0.50,,0.597486,0.00111969,0.63995,0.0
corrected_run,L3,102005,threshold_p_0.60,,0.491338,0.00075089,0.42171,0.0
corrected_run,L3,102005,threshold_p_0.70,,0.291101,0.00019862,0.0912,0.0
corrected_run,L3,102006,v1_frozen,,0.639436,0.00142241,0.76342,0.0
corrected_run,L3,102006,drl_pi,0,0.642493,0.00158038,0.79535,0.0
corrected_run,L3,102006,drl_pi,10,0.642154,0.00156012,0.79433,0.0
corrected_run,L3,102006,drl_pi,25,0.638587,0.00142472,0.77955,0.0
corrected_run,L3,102006,drl_pi,50,0.636719,0.00137488,0.77089,0.0
corrected_run,L3,102006,drl_pi,100,0.613111,0.00123743,0.72979,0.0
corrected_run,L3,102006,drl_pi,150,0.605639,0.00117495,0.71213,0.0
corrected_run,L3,102006,drl_pi,200,0.569293,0.00098442,0.64538,0.0
corrected_run,L3,102006,drl_pi,300,0.450747,0.00051353,0.44226,0.0
corrected_run,L3,102006,drl_pi,500,0.376529,0.00032718,0.30554,0.0
corrected_run,L3,102006,t_learner,0,0.640965,0.0033217,1.0,0.0
corrected_run,L3,102006,t_learner,10,0.640795,0.00326339,0.99643,0.0
corrected_run,L3,102006,t_learner,25,0.640795,0.00159801,0.80995,0.0
corrected_run,L3,102006,t_learner,50,0.637058,0.00134824,0.7731,0.0
corrected_run,L3,102006,t_learner,100,0.630605,0.00123293,0.75119,0.0
corrected_run,L3,102006,t_learner,150,0.623471,0.00115813,0.73064,0.0
corrected_run,L3,102006,t_learner,200,0.601053,0.00102394,0.68359,0.0
corrected_run,L3,102006,t_learner,300,0.486243,0.00054354,0.48641,0.0
corrected_run,L3,102006,t_learner,500,0.396399,0.0003197,0.31929,0.0
corrected_run,L3,102006,direct_baseline,0,0.640965,0.00329386,0.99219,0.0
corrected_run,L3,102006,direct_baseline,10,0.640115,0.00325434,0.99083,0.0
corrected_run,L3,102006,direct_baseline,25,0.636039,0.00290388,0.96349,0.0
corrected_run,L3,102006,direct_baseline,50,0.631963,0.00137002,0.77751,0.0
corrected_run,L3,102006,direct_baseline,100,0.588825,0.00098201,0.67035,0.0
corrected_run,L3,102006,direct_baseline,150,0.484205,0.00053981,0.48641,0.0
corrected_run,L3,102006,direct_baseline,200,0.456012,0.00045649,0.43088,0.0
corrected_run,L3,102006,direct_baseline,300,0.325068,0.0001944,0.1982,0.0
corrected_run,L3,102006,direct_baseline,500,0.222656,4.836e-05,0.00459,0.0
corrected_run,L3,102006,oracle_fullinfo,0,0.670516,0.00086602,0.44956,0.0
corrected_run,L3,102006,oracle_fullinfo,10,0.670516,0.00086601,0.44973,0.0
corrected_run,L3,102006,oracle_fullinfo,25,0.670516,0.00086601,0.44973,0.0
corrected_run,L3,102006,oracle_fullinfo,50,0.669497,0.00083651,0.44871,0.0
corrected_run,L3,102006,oracle_fullinfo,100,0.66661,0.00079997,0.44582,0.0
corrected_run,L3,102006,oracle_fullinfo,150,0.663383,0.00077307,0.4426,0.0
corrected_run,L3,102006,oracle_fullinfo,200,0.658458,0.00074556,0.43767,0.0
corrected_run,L3,102006,oracle_fullinfo,300,0.649966,0.00071068,0.42918,0.0
corrected_run,L3,102006,oracle_fullinfo,500,0.5107,0.00035093,0.28991,0.0
corrected_run,L3,102006,threshold_p_0.05,,0.642493,0.0015569,0.78906,0.0
corrected_run,L3,102006,threshold_p_0.10,,0.642323,0.00155082,0.78753,0.0
corrected_run,L3,102006,threshold_p_0.15,,0.642493,0.00152162,0.78261,0.0
corrected_run,L3,102006,threshold_p_0.20,,0.641984,0.00150376,0.77819,0.0
corrected_run,L3,102006,threshold_p_0.25,,0.641474,0.00149077,0.77463,0.0
corrected_run,L3,102006,threshold_p_0.30,,0.639436,0.00142241,0.76342,0.0
corrected_run,L3,102006,threshold_p_0.35,,0.63587,0.00136994,0.75068,0.0
corrected_run,L3,102006,threshold_p_0.40,,0.630265,0.00130872,0.72894,0.0
corrected_run,L3,102006,threshold_p_0.50,,0.597486,0.00111969,0.63995,0.0
corrected_run,L3,102006,threshold_p_0.60,,0.491338,0.00075089,0.42171,0.0
corrected_run,L3,102006,threshold_p_0.70,,0.291101,0.00019862,0.0912,0.0
corrected_run,L3,102007,v1_frozen,,0.639436,0.00142241,0.76342,0.0
corrected_run,L3,102007,drl_pi,0,0.641984,0.00155994,0.78872,0.0
corrected_run,L3,102007,drl_pi,10,0.641474,0.00153612,0.78787,0.0
corrected_run,L3,102007,drl_pi,25,0.638587,0.00145327,0.77887,0.0
corrected_run,L3,102007,drl_pi,50,0.636889,0.00137222,0.76953,0.0
corrected_run,L3,102007,drl_pi,100,0.613621,0.00123929,0.73149,0.0
corrected_run,L3,102007,drl_pi,150,0.601902,0.00115908,0.70975,0.0
corrected_run,L3,102007,drl_pi,200,0.560292,0.00096006,0.63485,0.0
corrected_run,L3,102007,drl_pi,300,0.454484,0.00051803,0.44718,0.0
corrected_run,L3,102007,drl_pi,500,0.389606,0.00035117,0.3249,0.0
corrected_run,L3,102007,t_learner,0,0.640965,0.0033217,1.0,0.0
corrected_run,L3,102007,t_learner,10,0.640795,0.0032487,0.99541,0.0
corrected_run,L3,102007,t_learner,25,0.640795,0.00157142,0.80554,0.0
corrected_run,L3,102007,t_learner,50,0.637228,0.00134563,0.77259,0.0
corrected_run,L3,102007,t_learner,100,0.630605,0.00123293,0.75119,0.0
corrected_run,L3,102007,t_learner,150,0.623471,0.00115695,0.7303,0.0
corrected_run,L3,102007,t_learner,200,0.600034,0.00102126,0.68257,0.0
corrected_run,L3,102007,t_learner,300,0.486073,0.00054152,0.48539,0.0
corrected_run,L3,102007,t_learner,500,0.39623,0.00031929,0.31895,0.0
corrected_run,L3,102007,direct_baseline,0,0.640965,0.00329386,0.99219,0.0
corrected_run,L3,102007,direct_baseline,10,0.640115,0.00325434,0.99083,0.0
corrected_run,L3,102007,direct_baseline,25,0.63587,0.00290061,0.96298,0.0
corrected_run,L3,102007,direct_baseline,50,0.630944,0.0013646,0.77632,0.0
corrected_run,L3,102007,direct_baseline,100,0.588655,0.00098173,0.67001,0.0
corrected_run,L3,102007,direct_baseline,150,0.484205,0.00054116,0.48709,0.0
corrected_run,L3,102007,direct_baseline,200,0.452276,0.00045079,0.4268,0.0
corrected_run,L3,102007,direct_baseline,300,0.32269,0.00018859,0.19226,0.0
corrected_run,L3,102007,direct_baseline,500,0.225374,5.072e-05,0.00934,0.0
corrected_run,L3,102007,oracle_fullinfo,0,0.670516,0.00086602,0.44956,0.0
corrected_run,L3,102007,oracle_fullinfo,10,0.670516,0.00086601,0.44973,0.0
corrected_run,L3,102007,oracle_fullinfo,25,0.670516,0.00086601,0.44973,0.0
corrected_run,L3,102007,oracle_fullinfo,50,0.669497,0.00083651,0.44871,0.0
corrected_run,L3,102007,oracle_fullinfo,100,0.66661,0.00079997,0.44582,0.0
corrected_run,L3,102007,oracle_fullinfo,150,0.663383,0.00077307,0.4426,0.0
corrected_run,L3,102007,oracle_fullinfo,200,0.658458,0.00074556,0.43767,0.0
corrected_run,L3,102007,oracle_fullinfo,300,0.649966,0.00071068,0.42918,0.0
corrected_run,L3,102007,oracle_fullinfo,500,0.5107,0.00035093,0.28991,0.0
corrected_run,L3,102007,threshold_p_0.05,,0.642493,0.0015569,0.78906,0.0
corrected_run,L3,102007,threshold_p_0.10,,0.642323,0.00155082,0.78753,0.0
corrected_run,L3,102007,threshold_p_0.15,,0.642493,0.00152162,0.78261,0.0
corrected_run,L3,102007,threshold_p_0.20,,0.641984,0.00150376,0.77819,0.0
corrected_run,L3,102007,threshold_p_0.25,,0.641474,0.00149077,0.77463,0.0
corrected_run,L3,102007,threshold_p_0.30,,0.639436,0.00142241,0.76342,0.0
corrected_run,L3,102007,threshold_p_0.35,,0.63587,0.00136994,0.75068,0.0
corrected_run,L3,102007,threshold_p_0.40,,0.630265,0.00130872,0.72894,0.0
corrected_run,L3,102007,threshold_p_0.50,,0.597486,0.00111969,0.63995,0.0
corrected_run,L3,102007,threshold_p_0.60,,0.491338,0.00075089,0.42171,0.0
corrected_run,L3,102007,threshold_p_0.70,,0.291101,0.00019862,0.0912,0.0
corrected_run,L3,102008,v1_frozen,,0.639436,0.00142241,0.76342,0.0
corrected_run,L3,102008,drl_pi,0,0.641644,0.00151376,0.77904,0.0
corrected_run,L3,102008,drl_pi,10,0.641304,0.0014952,0.77819,0.0
corrected_run,L3,102008,drl_pi,25,0.637398,0.00141098,0.76766,0.0
corrected_run,L3,102008,drl_pi,50,0.63587,0.00135544,0.76308,0.0
corrected_run,L3,102008,drl_pi,100,0.611243,0.00122939,0.7252,0.0
corrected_run,L3,102008,drl_pi,150,0.602921,0.0011674,0.70533,0.0
corrected_run,L3,102008,drl_pi,200,0.556895,0.00094633,0.62704,0.0
corrected_run,L3,102008,drl_pi,300,0.452276,0.0005184,0.44701,0.0
corrected_run,L3,102008,drl_pi,500,0.386209,0.00033597,0.32201,0.0
corrected_run,L3,102008,t_learner,0,0.640965,0.0033217,1.0,0.0
corrected_run,L3,102008,t_learner,10,0.640795,0.00318048,0.99032,0.0
corrected_run,L3,102008,t_learner,25,0.640965,0.00152701,0.79738,0.0
corrected_run,L3,102008,t_learner,50,0.637058,0.00134196,0.7714,0.0
corrected_run,L3,102008,t_learner,100,0.630435,0.00123146,0.75068,0.0
corrected_run,L3,102008,t_learner,150,0.623641,0.00115792,0.73047,0.0
corrected_run,L3,102008,t_learner,200,0.603091,0.00103421,0.68716,0.0
corrected_run,L3,102008,t_learner,300,0.487262,0.00054641,0.48777,0.0
corrected_run,L3,102008,t_learner,500,0.402853,0.00033183,0.32914,0.0
corrected_run,L3,102008,direct_baseline,0,0.640965,0.00329386,0.99219,0.0
corrected_run,L3,102008,direct_baseline,10,0.639946,0.0032494,0.99066,0.0
corrected_run,L3,102008,direct_baseline,25,0.636209,0.00290309,0.96332,0.0
corrected_run,L3,102008,direct_baseline,50,0.630944,0.00136764,0.77734,0.0
corrected_run,L3,102008,direct_baseline,100,0.592391,0.00099807,0.67612,0.0
corrected_run,L3,102008,direct_baseline,150,0.484715,0.00054389,0.48879,0.0
corrected_run,L3,102008,direct_baseline,200,0.455842,0.00045709,0.43156,0.0
corrected_run,L3,102008,direct_baseline,300,0.323709,0.00019068,0.19395,0.0
corrected_run,L3,102008,direct_baseline,500,0.225543,5.166e-05,0.01121,0.0
corrected_run,L3,102008,oracle_fullinfo,0,0.670516,0.00086602,0.44956,0.0
corrected_run,L3,102008,oracle_fullinfo,10,0.670516,0.00086601,0.44973,0.0
corrected_run,L3,102008,oracle_fullinfo,25,0.670516,0.00086601,0.44973,0.0
corrected_run,L3,102008,oracle_fullinfo,50,0.669497,0.00083651,0.44871,0.0
corrected_run,L3,102008,oracle_fullinfo,100,0.66661,0.00079997,0.44582,0.0
corrected_run,L3,102008,oracle_fullinfo,150,0.663383,0.00077307,0.4426,0.0
corrected_run,L3,102008,oracle_fullinfo,200,0.658458,0.00074556,0.43767,0.0
corrected_run,L3,102008,oracle_fullinfo,300,0.649966,0.00071068,0.42918,0.0
corrected_run,L3,102008,oracle_fullinfo,500,0.5107,0.00035093,0.28991,0.0
corrected_run,L3,102008,threshold_p_0.05,,0.642493,0.0015569,0.78906,0.0
corrected_run,L3,102008,threshold_p_0.10,,0.642323,0.00155082,0.78753,0.0
corrected_run,L3,102008,threshold_p_0.15,,0.642493,0.00152162,0.78261,0.0
corrected_run,L3,102008,threshold_p_0.20,,0.641984,0.00150376,0.77819,0.0
corrected_run,L3,102008,threshold_p_0.25,,0.641474,0.00149077,0.77463,0.0
corrected_run,L3,102008,threshold_p_0.30,,0.639436,0.00142241,0.76342,0.0
corrected_run,L3,102008,threshold_p_0.35,,0.63587,0.00136994,0.75068,0.0
corrected_run,L3,102008,threshold_p_0.40,,0.630265,0.00130872,0.72894,0.0
corrected_run,L3,102008,threshold_p_0.50,,0.597486,0.00111969,0.63995,0.0
corrected_run,L3,102008,threshold_p_0.60,,0.491338,0.00075089,0.42171,0.0
corrected_run,L3,102008,threshold_p_0.70,,0.291101,0.00019862,0.0912,0.0
corrected_run,L3,102009,v1_frozen,,0.639436,0.00142241,0.76342,0.0
corrected_run,L3,102009,drl_pi,0,0.641984,0.00157397,0.79314,0.0
corrected_run,L3,102009,drl_pi,10,0.641135,0.00153385,0.7855,0.0
corrected_run,L3,102009,drl_pi,25,0.637568,0.00139969,0.76579,0.0
corrected_run,L3,102009,drl_pi,50,0.634171,0.00134782,0.75917,0.0
corrected_run,L3,102009,drl_pi,100,0.609375,0.00121529,0.72181,0.0
corrected_run,L3,102009,drl_pi,150,0.592901,0.00112471,0.6858,0.0
corrected_run,L3,102009,drl_pi,200,0.518682,0.00079916,0.56284,0.0
corrected_run,L3,102009,drl_pi,300,0.445312,0.00049431,0.43003,0.0
corrected_run,L3,102009,drl_pi,500,0.373641,0.00032312,0.30435,0.0
corrected_run,L3,102009,t_learner,0,0.640965,0.0033217,1.0,0.0
corrected_run,L3,102009,t_learner,10,0.640795,0.00324632,0.99524,0.0
corrected_run,L3,102009,t_learner,25,0.640795,0.00156244,0.80418,0.0
corrected_run,L3,102009,t_learner,50,0.637058,0.00133658,0.77106,0.0
corrected_run,L3,102009,t_learner,100,0.629755,0.00122589,0.74949,0.0
corrected_run,L3,102009,t_learner,150,0.622283,0.00114963,0.72792,0.0
corrected_run,L3,102009,t_learner,200,0.591033,0.00097279,0.66474,0.0
corrected_run,L3,102009,t_learner,300,0.483696,0.0005322,0.4803,0.0
corrected_run,L3,102009,t_learner,500,0.379076,0.00028877,0.29195,0.0
corrected_run,L3,102009,direct_baseline,0,0.640965,0.00329386,0.99219,0.0
corrected_run,L3,102009,direct_baseline,10,0.640115,0.00325434,0.99083,0.0
corrected_run,L3,102009,direct_baseline,25,0.636039,0.00290201,0.96332,0.0
corrected_run,L3,102009,direct_baseline,50,0.631793,0.0013716,0.77785,0.0
corrected_run,L3,102009,direct_baseline,100,0.586787,0.00097249,0.66678,0.0
corrected_run,L3,102009,direct_baseline,150,0.483696,0.00054036,0.48675,0.0
corrected_run,L3,102009,direct_baseline,200,0.450747,0.00044963,0.42595,0.0
corrected_run,L3,102009,direct_baseline,300,0.317935,0.00018155,0.18376,0.0
corrected_run,L3,102009,direct_baseline,500,0.222996,4.87e-05,0.00526,0.0
corrected_run,L3,102009,oracle_fullinfo,0,0.670516,0.00086602,0.44956,0.0
corrected_run,L3,102009,oracle_fullinfo,10,0.670516,0.00086601,0.44973,0.0
corrected_run,L3,102009,oracle_fullinfo,25,0.670516,0.00086601,0.44973,0.0
corrected_run,L3,102009,oracle_fullinfo,50,0.669497,0.00083651,0.44871,0.0
corrected_run,L3,102009,oracle_fullinfo,100,0.66661,0.00079997,0.44582,0.0
corrected_run,L3,102009,oracle_fullinfo,150,0.663383,0.00077307,0.4426,0.0
corrected_run,L3,102009,oracle_fullinfo,200,0.658458,0.00074556,0.43767,0.0
corrected_run,L3,102009,oracle_fullinfo,300,0.649966,0.00071068,0.42918,0.0
corrected_run,L3,102009,oracle_fullinfo,500,0.5107,0.00035093,0.28991,0.0
corrected_run,L3,102009,threshold_p_0.05,,0.642493,0.0015569,0.78906,0.0
corrected_run,L3,102009,threshold_p_0.10,,0.642323,0.00155082,0.78753,0.0
corrected_run,L3,102009,threshold_p_0.15,,0.642493,0.00152162,0.78261,0.0
corrected_run,L3,102009,threshold_p_0.20,,0.641984,0.00150376,0.77819,0.0
corrected_run,L3,102009,threshold_p_0.25,,0.641474,0.00149077,0.77463,0.0
corrected_run,L3,102009,threshold_p_0.30,,0.639436,0.00142241,0.76342,0.0
corrected_run,L3,102009,threshold_p_0.35,,0.63587,0.00136994,0.75068,0.0
corrected_run,L3,102009,threshold_p_0.40,,0.630265,0.00130872,0.72894,0.0
corrected_run,L3,102009,threshold_p_0.50,,0.597486,0.00111969,0.63995,0.0
corrected_run,L3,102009,threshold_p_0.60,,0.491338,0.00075089,0.42171,0.0
corrected_run,L3,102009,threshold_p_0.70,,0.291101,0.00019862,0.0912,0.0
